year,country,iso3,region,co2_emissions_mt,population_millions,co2_per_capita_t,co2_intensity_kg_per_gdp_usd
2000,China,CHN,Asia,3535.5,1198.5,2.95,0.59
2001,China,CHN,Asia,4049.2,1207.9,3.35,0.61
2002,China,CHN,Asia,4601.0,1217.4,3.78,0.63
2003,China,CHN,Asia,5121.6,1226.8,4.17,0.64
2004,China,CHN,Asia,5553.3,1236.3,4.49,0.64
2005,China,CHN,Asia,6239.1,1245.7,5.01,0.67
2006,China,CHN,Asia,6590.0,1255.2,5.25,0.66
2007,China,CHN,Asia,7187.4,1264.6,5.68,0.67
2008,China,CHN,Asia,7699.7,1274.1,6.04,0.67
2009,China,CHN,Asia,8301.4,1283.5,6.47,0.68
2010,China,CHN,Asia,8500.9,1293.0,6.57,0.66
2011,China,CHN,Asia,9160.8,1302.4,7.03,0.67
2012,China,CHN,Asia,9205.6,1311.9,7.02,0.64
2013,China,CHN,Asia,9734.9,1321.3,7.37,0.64
2014,China,CHN,Asia,9749.6,1330.8,7.33,0.61
2015,China,CHN,Asia,10072.6,1340.2,7.52,0.6
2016,China,CHN,Asia,10490.8,1349.7,7.77,0.6
2017,China,CHN,Asia,10273.1,1359.1,7.56,0.56
2018,China,CHN,Asia,10627.9,1368.5,7.77,0.55
2019,China,CHN,Asia,10558.2,1378.0,7.66,0.53
2020,China,CHN,Asia,10736.5,1387.4,7.74,0.52
2021,China,CHN,Asia,11051.6,1396.9,7.91,0.51
2022,China,CHN,Asia,11555.1,1406.3,8.22,0.51
2023,China,CHN,Asia,11658.9,1415.8,8.23,0.5
2024,China,CHN,Asia,11970.7,1425.2,8.4,0.49
2025,China,CHN,Asia,12058.4,1434.7,8.4,0.48
2026,China,CHN,Asia,12218.2,1444.1,8.46,0.47
2000,United States,USA,North America,5850.6,284.8,20.55,4.11
2001,United States,USA,North America,5884.0,287.0,20.5,3.73
2002,United States,USA,North America,5887.0,289.2,20.35,3.39
2003,United States,USA,North America,5642.2,291.5,19.36,2.98
2004,United States,USA,North America,5615.5,293.7,19.12,2.73
2005,United States,USA,North America,5508.7,296.0,18.61,2.48
2006,United States,USA,North America,5752.0,298.2,19.29,2.41
2007,United States,USA,North America,5559.3,300.5,18.5,2.18
2008,United States,USA,North America,5525.5,302.7,18.25,2.03
2009,United States,USA,North America,5328.7,305.0,17.47,1.84
2010,United States,USA,North America,5389.9,307.2,17.55,1.75
2011,United States,USA,North America,5411.0,309.4,17.49,1.67
2012,United States,USA,North America,5329.7,311.7,17.1,1.55
2013,United States,USA,North America,5416.0,313.9,17.25,1.5
2014,United States,USA,North America,5494.1,316.2,17.38,1.45
2015,United States,USA,North America,5214.9,318.4,16.38,1.31
2016,United States,USA,North America,5078.9,320.7,15.84,1.22
2017,United States,USA,North America,4959.8,322.9,15.36,1.14
2018,United States,USA,North America,5011.9,325.2,15.41,1.1
2019,United States,USA,North America,4836.5,327.4,14.77,1.02
2020,United States,USA,North America,4620.6,329.6,14.02,0.93
2021,United States,USA,North America,4712.6,331.9,14.2,0.92
2022,United States,USA,North America,4731.3,334.1,14.16,0.89
2023,United States,USA,North America,4935.0,336.4,14.67,0.89
2024,United States,USA,North America,4921.8,338.6,14.53,0.85
2025,United States,USA,North America,4831.1,340.9,14.17,0.81
2026,United States,USA,North America,4793.4,343.1,13.97,0.78
2000,India,IND,Asia,987.2,1215.5,0.81,0.16
2001,India,IND,Asia,1069.2,1225.1,0.87,0.16
2002,India,IND,Asia,1156.2,1234.7,0.94,0.16
2003,India,IND,Asia,1253.8,1244.2,1.01,0.16
2004,India,IND,Asia,1354.6,1253.8,1.08,0.15
2005,India,IND,Asia,1417.3,1263.4,1.12,0.15
2006,India,IND,Asia,1505.9,1273.0,1.18,0.15
2007,India,IND,Asia,1566.3,1282.6,1.22,0.14
2008,India,IND,Asia,1636.4,1292.1,1.27,0.14
2009,India,IND,Asia,1754.0,1301.7,1.35,0.14
2010,India,IND,Asia,1824.7,1311.3,1.39,0.14
2011,India,IND,Asia,1871.2,1320.9,1.42,0.13
2012,India,IND,Asia,1994.1,1330.5,1.5,0.14
2013,India,IND,Asia,2093.4,1340.1,1.56,0.14
2014,India,IND,Asia,2171.2,1349.6,1.61,0.13
2015,India,IND,Asia,2330.7,1359.2,1.71,0.14
2016,India,IND,Asia,2328.6,1368.8,1.7,0.13
2017,India,IND,Asia,2392.3,1378.4,1.74,0.13
2018,India,IND,Asia,2385.4,1388.0,1.72,0.12
2019,India,IND,Asia,2410.9,1397.5,1.73,0.12
2020,India,IND,Asia,2405.7,1407.1,1.71,0.11
2021,India,IND,Asia,2570.5,1416.7,1.81,0.12
2022,India,IND,Asia,2700.5,1426.3,1.89,0.12
2023,India,IND,Asia,2772.0,1435.9,1.93,0.12
2024,India,IND,Asia,2936.0,1445.4,2.03,0.12
2025,India,IND,Asia,3015.3,1455.0,2.07,0.12
2026,India,IND,Asia,3119.2,1464.6,2.13,0.12
2000,Russia,RUS,Eurasia,1540.6,122.4,12.59,2.52
2001,Russia,RUS,Eurasia,1532.5,123.4,12.42,2.26
2002,Russia,RUS,Eurasia,1573.0,124.3,12.65,2.11
2003,Russia,RUS,Eurasia,1573.7,125.3,12.56,1.93
2004,Russia,RUS,Eurasia,1525.4,126.3,12.08,1.73
2005,Russia,RUS,Eurasia,1598.3,127.2,12.56,1.68
2006,Russia,RUS,Eurasia,1652.3,128.2,12.89,1.61
2007,Russia,RUS,Eurasia,1600.6,129.2,12.39,1.46
2008,Russia,RUS,Eurasia,1660.8,130.1,12.76,1.42
2009,Russia,RUS,Eurasia,1713.8,131.1,13.07,1.38
2010,Russia,RUS,Eurasia,1670.7,132.0,12.65,1.27
2011,Russia,RUS,Eurasia,1692.1,133.0,12.72,1.21
2012,Russia,RUS,Eurasia,1660.9,134.0,12.4,1.13
2013,Russia,RUS,Eurasia,1737.4,134.9,12.88,1.12
2014,Russia,RUS,Eurasia,1695.9,135.9,12.48,1.04
2015,Russia,RUS,Eurasia,1701.2,136.9,12.43,0.99
2016,Russia,RUS,Eurasia,1722.3,137.8,12.5,0.96
2017,Russia,RUS,Eurasia,1692.6,138.8,12.19,0.9
2018,Russia,RUS,Eurasia,1642.1,139.8,11.75,0.84
2019,Russia,RUS,Eurasia,1636.0,140.7,11.62,0.8
2020,Russia,RUS,Eurasia,1652.2,141.7,11.66,0.78
2021,Russia,RUS,Eurasia,1676.7,142.7,11.75,0.76
2022,Russia,RUS,Eurasia,1689.6,143.6,11.76,0.74
2023,Russia,RUS,Eurasia,1796.1,144.6,12.42,0.75
2024,Russia,RUS,Eurasia,1808.9,145.6,12.43,0.73
2025,Russia,RUS,Eurasia,1884.6,146.5,12.86,0.73
2026,Russia,RUS,Eurasia,1834.9,147.5,12.44,0.69
2000,Japan,JPN,Asia,1223.2,105.4,11.6,2.32
2001,Japan,JPN,Asia,1227.0,106.2,11.55,2.1
2002,Japan,JPN,Asia,1204.9,107.1,11.25,1.88
2003,Japan,JPN,Asia,1219.6,107.9,11.3,1.74
2004,Japan,JPN,Asia,1258.9,108.7,11.58,1.65
2005,Japan,JPN,Asia,1281.5,109.6,11.7,1.56
2006,Japan,JPN,Asia,1253.5,110.4,11.36,1.42
2007,Japan,JPN,Asia,1238.3,111.2,11.13,1.31
2008,Japan,JPN,Asia,1232.0,112.0,11.0,1.22
2009,Japan,JPN,Asia,1222.2,112.9,10.83,1.14
2010,Japan,JPN,Asia,1278.3,113.7,11.24,1.12
2011,Japan,JPN,Asia,1226.5,114.5,10.71,1.02
2012,Japan,JPN,Asia,1258.7,115.4,10.91,0.99
2013,Japan,JPN,Asia,1235.3,116.2,10.63,0.92
2014,Japan,JPN,Asia,1168.7,117.0,9.99,0.83
2015,Japan,JPN,Asia,1178.1,117.9,10.0,0.8
2016,Japan,JPN,Asia,1146.4,118.7,9.66,0.74
2017,Japan,JPN,Asia,1124.7,119.5,9.41,0.7
2018,Japan,JPN,Asia,1093.0,120.4,9.08,0.65
2019,Japan,JPN,Asia,1109.7,121.2,9.16,0.63
2020,Japan,JPN,Asia,1013.4,122.0,8.31,0.55
2021,Japan,JPN,Asia,1018.5,122.8,8.29,0.53
2022,Japan,JPN,Asia,1009.2,123.7,8.16,0.51
2023,Japan,JPN,Asia,985.0,124.5,7.91,0.48
2024,Japan,JPN,Asia,971.6,125.3,7.75,0.46
2025,Japan,JPN,Asia,935.1,126.2,7.41,0.42
2026,Japan,JPN,Asia,931.5,127.0,7.33,0.41
2000,Germany,DEU,Europe,856.5,71.4,12.0,2.4
2001,Germany,DEU,Europe,848.1,72.0,11.79,2.14
2002,Germany,DEU,Europe,845.2,72.5,11.65,1.94
2003,Germany,DEU,Europe,849.6,73.1,11.62,1.79
2004,Germany,DEU,Europe,837.6,73.7,11.37,1.62
2005,Germany,DEU,Europe,820.9,74.2,11.06,1.47
2006,Germany,DEU,Europe,799.7,74.8,10.69,1.34
2007,Germany,DEU,Europe,800.7,75.3,10.63,1.25
2008,Germany,DEU,Europe,799.4,75.9,10.53,1.17
2009,Germany,DEU,Europe,799.0,76.5,10.45,1.1
2010,Germany,DEU,Europe,784.3,77.0,10.18,1.02
2011,Germany,DEU,Europe,770.0,77.6,9.92,0.95
2012,Germany,DEU,Europe,758.2,78.2,9.7,0.88
2013,Germany,DEU,Europe,744.1,78.7,9.45,0.82
2014,Germany,DEU,Europe,751.3,79.3,9.48,0.79
2015,Germany,DEU,Europe,728.6,79.8,9.13,0.73
2016,Germany,DEU,Europe,714.1,80.4,8.88,0.68
2017,Germany,DEU,Europe,700.8,81.0,8.66,0.64
2018,Germany,DEU,Europe,671.3,81.5,8.23,0.59
2019,Germany,DEU,Europe,668.8,82.1,8.15,0.56
2020,Germany,DEU,Europe,652.2,82.7,7.89,0.53
2021,Germany,DEU,Europe,626.0,83.2,7.52,0.49
2022,Germany,DEU,Europe,613.5,83.8,7.32,0.46
2023,Germany,DEU,Europe,608.6,84.3,7.22,0.44
2024,Germany,DEU,Europe,583.7,84.9,6.87,0.4
2025,Germany,DEU,Europe,565.8,85.5,6.62,0.38
2026,Germany,DEU,Europe,565.0,86.0,6.57,0.36
2000,Iran,IRN,MENA,415.4,75.6,5.49,1.1
2001,Iran,IRN,MENA,430.9,76.2,5.65,1.03
2002,Iran,IRN,MENA,450.2,76.8,5.86,0.98
2003,Iran,IRN,MENA,447.3,77.4,5.78,0.89
2004,Iran,IRN,MENA,487.7,78.0,6.25,0.89
2005,Iran,IRN,MENA,497.9,78.6,6.33,0.84
2006,Iran,IRN,MENA,519.8,79.2,6.56,0.82
2007,Iran,IRN,MENA,532.1,79.8,6.67,0.78
2008,Iran,IRN,MENA,546.4,80.4,6.79,0.75
2009,Iran,IRN,MENA,560.7,81.0,6.92,0.73
2010,Iran,IRN,MENA,583.2,81.6,7.15,0.71
2011,Iran,IRN,MENA,590.2,82.2,7.18,0.68
2012,Iran,IRN,MENA,613.9,82.8,7.41,0.67
2013,Iran,IRN,MENA,604.3,83.4,7.25,0.63
2014,Iran,IRN,MENA,626.9,84.0,7.46,0.62
2015,Iran,IRN,MENA,664.8,84.6,7.86,0.63
2016,Iran,IRN,MENA,646.9,85.2,7.59,0.58
2017,Iran,IRN,MENA,658.6,85.8,7.68,0.57
2018,Iran,IRN,MENA,660.1,86.4,7.64,0.55
2019,Iran,IRN,MENA,680.4,87.0,7.82,0.54
2020,Iran,IRN,MENA,677.4,87.6,7.74,0.52
2021,Iran,IRN,MENA,706.8,88.2,8.02,0.52
2022,Iran,IRN,MENA,741.8,88.8,8.36,0.52
2023,Iran,IRN,MENA,748.3,89.4,8.37,0.51
2024,Iran,IRN,MENA,789.2,90.0,8.77,0.52
2025,Iran,IRN,MENA,794.7,90.6,8.78,0.5
2026,Iran,IRN,MENA,802.5,91.2,8.8,0.49
2000,South Korea,KOR,Asia,481.0,44.2,10.88,2.18
2001,South Korea,KOR,Asia,517.0,44.5,11.6,2.11
2002,South Korea,KOR,Asia,514.0,44.9,11.45,1.91
2003,South Korea,KOR,Asia,521.5,45.2,11.53,1.77
2004,South Korea,KOR,Asia,525.0,45.6,11.51,1.64
2005,South Korea,KOR,Asia,544.2,45.9,11.85,1.58
2006,South Korea,KOR,Asia,569.9,46.3,12.31,1.54
2007,South Korea,KOR,Asia,585.6,46.6,12.56,1.48
2008,South Korea,KOR,Asia,597.0,47.0,12.7,1.41
2009,South Korea,KOR,Asia,604.0,47.3,12.76,1.34
2010,South Korea,KOR,Asia,598.5,47.7,12.55,1.26
2011,South Korea,KOR,Asia,622.5,48.0,12.96,1.23
2012,South Korea,KOR,Asia,614.3,48.4,12.7,1.15
2013,South Korea,KOR,Asia,619.9,48.7,12.72,1.11
2014,South Korea,KOR,Asia,644.3,49.1,13.13,1.09
2015,South Korea,KOR,Asia,655.1,49.4,13.25,1.06
2016,South Korea,KOR,Asia,652.7,49.8,13.11,1.01
2017,South Korea,KOR,Asia,642.8,50.1,12.82,0.95
2018,South Korea,KOR,Asia,637.0,50.5,12.62,0.9
2019,South Korea,KOR,Asia,616.8,50.8,12.14,0.84
2020,South Korea,KOR,Asia,619.0,51.2,12.1,0.81
2021,South Korea,KOR,Asia,601.1,51.5,11.67,0.75
2022,South Korea,KOR,Asia,591.7,51.9,11.41,0.71
2023,South Korea,KOR,Asia,611.7,52.2,11.72,0.71
2024,South Korea,KOR,Asia,593.2,52.6,11.29,0.66
2025,South Korea,KOR,Asia,597.7,52.9,11.3,0.65
2026,South Korea,KOR,Asia,589.6,53.3,11.07,0.62
2000,Indonesia,IDN,Asia,287.3,238.0,1.21,0.24
2001,Indonesia,IDN,Asia,306.7,239.9,1.28,0.23
2002,Indonesia,IDN,Asia,314.8,241.8,1.3,0.22
2003,Indonesia,IDN,Asia,322.8,243.6,1.33,0.2
2004,Indonesia,IDN,Asia,346.6,245.5,1.41,0.2
2005,Indonesia,IDN,Asia,357.5,247.4,1.44,0.19
2006,Indonesia,IDN,Asia,371.5,249.3,1.49,0.19
2007,Indonesia,IDN,Asia,399.5,251.1,1.59,0.19
2008,Indonesia,IDN,Asia,392.8,253.0,1.55,0.17
2009,Indonesia,IDN,Asia,418.4,254.9,1.64,0.17
2010,Indonesia,IDN,Asia,423.6,256.8,1.65,0.16
2011,Indonesia,IDN,Asia,458.2,258.6,1.77,0.17
2012,Indonesia,IDN,Asia,476.1,260.5,1.83,0.17
2013,Indonesia,IDN,Asia,498.8,262.4,1.9,0.17
2014,Indonesia,IDN,Asia,510.7,264.3,1.93,0.16
2015,Indonesia,IDN,Asia,533.8,266.1,2.01,0.16
2016,Indonesia,IDN,Asia,559.7,268.0,2.09,0.16
2017,Indonesia,IDN,Asia,579.0,269.9,2.15,0.16
2018,Indonesia,IDN,Asia,580.1,271.8,2.13,0.15
2019,Indonesia,IDN,Asia,580.1,273.6,2.12,0.15
2020,Indonesia,IDN,Asia,603.1,275.5,2.19,0.15
2021,Indonesia,IDN,Asia,655.5,277.4,2.36,0.15
2022,Indonesia,IDN,Asia,666.0,279.3,2.38,0.15
2023,Indonesia,IDN,Asia,712.8,281.1,2.54,0.15
2024,Indonesia,IDN,Asia,721.9,283.0,2.55,0.15
2025,Indonesia,IDN,Asia,754.5,284.9,2.65,0.15
2026,Indonesia,IDN,Asia,787.2,286.8,2.75,0.15
2000,Saudi Arabia,SAU,MENA,281.7,30.6,9.2,1.84
2001,Saudi Arabia,SAU,MENA,293.6,30.8,9.52,1.73
2002,Saudi Arabia,SAU,MENA,310.2,31.1,9.98,1.66
2003,Saudi Arabia,SAU,MENA,335.9,31.3,10.72,1.65
2004,Saudi Arabia,SAU,MENA,354.2,31.6,11.22,1.6
2005,Saudi Arabia,SAU,MENA,373.3,31.8,11.74,1.56
2006,Saudi Arabia,SAU,MENA,392.3,32.0,12.24,1.53
2007,Saudi Arabia,SAU,MENA,399.8,32.3,12.38,1.46
2008,Saudi Arabia,SAU,MENA,414.1,32.5,12.73,1.41
2009,Saudi Arabia,SAU,MENA,441.8,32.8,13.48,1.42
2010,Saudi Arabia,SAU,MENA,454.8,33.0,13.78,1.38
2011,Saudi Arabia,SAU,MENA,465.0,33.3,13.98,1.33
2012,Saudi Arabia,SAU,MENA,486.3,33.5,14.52,1.32
2013,Saudi Arabia,SAU,MENA,519.8,33.7,15.41,1.34
2014,Saudi Arabia,SAU,MENA,536.6,34.0,15.79,1.32
2015,Saudi Arabia,SAU,MENA,559.8,34.2,16.36,1.31
2016,Saudi Arabia,SAU,MENA,575.1,34.5,16.69,1.28
2017,Saudi Arabia,SAU,MENA,578.5,34.7,16.67,1.23
2018,Saudi Arabia,SAU,MENA,589.5,34.9,16.87,1.21
2019,Saudi Arabia,SAU,MENA,567.1,35.2,16.12,1.11
2020,Saudi Arabia,SAU,MENA,592.2,35.4,16.72,1.11
2021,Saudi Arabia,SAU,MENA,611.3,35.7,17.14,1.11
2022,Saudi Arabia,SAU,MENA,605.8,35.9,16.87,1.05
2023,Saudi Arabia,SAU,MENA,628.8,36.1,17.39,1.05
2024,Saudi Arabia,SAU,MENA,641.8,36.4,17.64,1.04
2025,Saudi Arabia,SAU,MENA,645.2,36.6,17.61,1.01
2026,Saudi Arabia,SAU,MENA,655.6,36.9,17.78,0.99
2000,Canada,CAN,North America,577.0,34.0,16.97,3.39
2001,Canada,CAN,North America,555.1,34.3,16.2,2.95
2002,Canada,CAN,North America,568.5,34.5,16.46,2.74
2003,Canada,CAN,North America,570.7,34.8,16.4,2.52
2004,Canada,CAN,North America,571.3,35.1,16.29,2.33
2005,Canada,CAN,North America,573.4,35.3,16.23,2.16
2006,Canada,CAN,North America,574.6,35.6,16.14,2.02
2007,Canada,CAN,North America,588.5,35.9,16.4,1.93
2008,Canada,CAN,North America,585.5,36.1,16.2,1.8
2009,Canada,CAN,North America,568.8,36.4,15.62,1.64
2010,Canada,CAN,North America,586.9,36.7,16.0,1.6
2011,Canada,CAN,North America,587.8,36.9,15.91,1.52
2012,Canada,CAN,North America,582.7,37.2,15.66,1.42
2013,Canada,CAN,North America,589.8,37.5,15.74,1.37
2014,Canada,CAN,North America,581.6,37.8,15.41,1.28
2015,Canada,CAN,North America,581.7,38.0,15.3,1.22
2016,Canada,CAN,North America,573.0,38.3,14.97,1.15
2017,Canada,CAN,North America,546.9,38.6,14.19,1.05
2018,Canada,CAN,North America,555.3,38.8,14.3,1.02
2019,Canada,CAN,North America,542.5,39.1,13.88,0.96
2020,Canada,CAN,North America,530.4,39.4,13.48,0.9
2021,Canada,CAN,North America,559.3,39.6,14.11,0.91
2022,Canada,CAN,North America,559.2,39.9,14.02,0.88
2023,Canada,CAN,North America,562.2,40.2,14.0,0.85
2024,Canada,CAN,North America,565.2,40.4,13.98,0.82
2025,Canada,CAN,North America,567.5,40.7,13.94,0.8
2026,Canada,CAN,North America,568.3,41.0,13.87,0.77
2000,Mexico,MEX,North America,375.3,110.5,3.4,0.68
2001,Mexico,MEX,North America,387.0,111.4,3.47,0.63
2002,Mexico,MEX,North America,399.1,112.2,3.56,0.59
2003,Mexico,MEX,North America,389.4,113.1,3.44,0.53
2004,Mexico,MEX,North America,407.6,114.0,3.58,0.51
2005,Mexico,MEX,North America,412.3,114.9,3.59,0.48
2006,Mexico,MEX,North America,421.2,115.7,3.64,0.45
2007,Mexico,MEX,North America,425.8,116.6,3.65,0.43
2008,Mexico,MEX,North America,436.9,117.5,3.72,0.41
2009,Mexico,MEX,North America,455.8,118.3,3.85,0.41
2010,Mexico,MEX,North America,447.8,119.2,3.76,0.38
2011,Mexico,MEX,North America,456.0,120.1,3.8,0.36
2012,Mexico,MEX,North America,471.7,121.0,3.9,0.35
2013,Mexico,MEX,North America,458.2,121.8,3.76,0.33
2014,Mexico,MEX,North America,478.7,122.7,3.9,0.33
2015,Mexico,MEX,North America,470.0,123.6,3.8,0.3
2016,Mexico,MEX,North America,474.3,124.4,3.81,0.29
2017,Mexico,MEX,North America,459.1,125.3,3.66,0.27
2018,Mexico,MEX,North America,448.1,126.2,3.55,0.25
2019,Mexico,MEX,North America,437.6,127.0,3.44,0.24
2020,Mexico,MEX,North America,426.0,127.9,3.33,0.22
2021,Mexico,MEX,North America,443.0,128.8,3.44,0.22
2022,Mexico,MEX,North America,461.1,129.7,3.56,0.22
2023,Mexico,MEX,North America,467.4,130.5,3.58,0.22
2024,Mexico,MEX,North America,477.7,131.4,3.64,0.21
2025,Mexico,MEX,North America,473.2,132.3,3.58,0.2
2026,Mexico,MEX,North America,477.0,133.1,3.58,0.2
2000,Brazil,BRA,LatAm,336.1,184.4,1.82,0.36
2001,Brazil,BRA,LatAm,336.6,185.9,1.81,0.33
2002,Brazil,BRA,LatAm,346.5,187.4,1.85,0.31
2003,Brazil,BRA,LatAm,362.0,188.8,1.92,0.3
2004,Brazil,BRA,LatAm,378.5,190.3,1.99,0.28
2005,Brazil,BRA,LatAm,386.5,191.7,2.02,0.27
2006,Brazil,BRA,LatAm,382.7,193.2,1.98,0.25
2007,Brazil,BRA,LatAm,398.4,194.6,2.05,0.24
2008,Brazil,BRA,LatAm,404.3,196.1,2.06,0.23
2009,Brazil,BRA,LatAm,418.3,197.5,2.12,0.22
2010,Brazil,BRA,LatAm,440.3,199.0,2.21,0.22
2011,Brazil,BRA,LatAm,429.6,200.4,2.14,0.2
2012,Brazil,BRA,LatAm,437.1,201.9,2.17,0.2
2013,Brazil,BRA,LatAm,451.3,203.4,2.22,0.19
2014,Brazil,BRA,LatAm,468.0,204.8,2.29,0.19
2015,Brazil,BRA,LatAm,479.4,206.3,2.32,0.19
2016,Brazil,BRA,LatAm,469.1,207.7,2.26,0.17
2017,Brazil,BRA,LatAm,465.1,209.2,2.22,0.16
2018,Brazil,BRA,LatAm,436.2,210.6,2.07,0.15
2019,Brazil,BRA,LatAm,446.8,212.1,2.11,0.15
2020,Brazil,BRA,LatAm,428.0,213.5,2.0,0.13
2021,Brazil,BRA,LatAm,444.8,215.0,2.07,0.13
2022,Brazil,BRA,LatAm,441.1,216.4,2.04,0.13
2023,Brazil,BRA,LatAm,460.0,217.9,2.11,0.13
2024,Brazil,BRA,LatAm,471.7,219.3,2.15,0.13
2025,Brazil,BRA,LatAm,483.2,220.8,2.19,0.13
2026,Brazil,BRA,LatAm,468.6,222.3,2.11,0.12
2000,South Africa,ZAF,Africa,380.2,52.7,7.21,1.44
2001,South Africa,ZAF,Africa,382.7,53.1,7.2,1.31
2002,South Africa,ZAF,Africa,401.0,53.5,7.49,1.25
2003,South Africa,ZAF,Africa,411.7,53.9,7.63,1.17
2004,South Africa,ZAF,Africa,424.0,54.4,7.8,1.11
2005,South Africa,ZAF,Africa,421.6,54.8,7.7,1.03
2006,South Africa,ZAF,Africa,440.0,55.2,7.97,1.0
2007,South Africa,ZAF,Africa,452.0,55.6,8.13,0.96
2008,South Africa,ZAF,Africa,440.9,56.0,7.87,0.87
2009,South Africa,ZAF,Africa,465.2,56.4,8.24,0.87
2010,South Africa,ZAF,Africa,476.8,56.9,8.39,0.84
2011,South Africa,ZAF,Africa,471.2,57.3,8.23,0.78
2012,South Africa,ZAF,Africa,467.4,57.7,8.1,0.74
2013,South Africa,ZAF,Africa,485.8,58.1,8.36,0.73
2014,South Africa,ZAF,Africa,473.3,58.5,8.09,0.67
2015,South Africa,ZAF,Africa,483.7,58.9,8.21,0.66
2016,South Africa,ZAF,Africa,473.7,59.3,7.98,0.61
2017,South Africa,ZAF,Africa,468.0,59.8,7.83,0.58
2018,South Africa,ZAF,Africa,447.8,60.2,7.44,0.53
2019,South Africa,ZAF,Africa,436.5,60.6,7.2,0.5
2020,South Africa,ZAF,Africa,430.6,61.0,7.06,0.47
2021,South Africa,ZAF,Africa,432.7,61.4,7.04,0.45
2022,South Africa,ZAF,Africa,437.0,61.8,7.07,0.44
2023,South Africa,ZAF,Africa,409.3,62.3,6.57,0.4
2024,South Africa,ZAF,Africa,417.0,62.7,6.65,0.39
2025,South Africa,ZAF,Africa,400.9,63.1,6.35,0.36
2026,South Africa,ZAF,Africa,406.1,63.5,6.4,0.36
2000,Turkey,TUR,MENA,226.8,74.0,3.07,0.61
2001,Turkey,TUR,MENA,237.6,74.5,3.19,0.58
2002,Turkey,TUR,MENA,247.8,75.1,3.3,0.55
2003,Turkey,TUR,MENA,259.7,75.7,3.43,0.53
2004,Turkey,TUR,MENA,271.3,76.3,3.56,0.51
2005,Turkey,TUR,MENA,282.0,76.9,3.67,0.49
2006,Turkey,TUR,MENA,290.0,77.4,3.74,0.47
2007,Turkey,TUR,MENA,294.0,78.0,3.77,0.44
2008,Turkey,TUR,MENA,313.4,78.6,3.99,0.44
2009,Turkey,TUR,MENA,319.7,79.2,4.04,0.42
2010,Turkey,TUR,MENA,335.8,79.8,4.21,0.42
2011,Turkey,TUR,MENA,340.3,80.4,4.24,0.4
2012,Turkey,TUR,MENA,349.4,80.9,4.32,0.39
2013,Turkey,TUR,MENA,371.8,81.5,4.56,0.4
2014,Turkey,TUR,MENA,393.5,82.1,4.79,0.4
2015,Turkey,TUR,MENA,401.0,82.7,4.85,0.39
2016,Turkey,TUR,MENA,404.8,83.3,4.86,0.37
2017,Turkey,TUR,MENA,406.6,83.9,4.85,0.36
2018,Turkey,TUR,MENA,429.0,84.4,5.08,0.36
2019,Turkey,TUR,MENA,417.5,85.0,4.91,0.34
2020,Turkey,TUR,MENA,425.3,85.6,4.97,0.33
2021,Turkey,TUR,MENA,447.5,86.2,5.19,0.33
2022,Turkey,TUR,MENA,444.8,86.8,5.13,0.32
2023,Turkey,TUR,MENA,480.3,87.4,5.5,0.33
2024,Turkey,TUR,MENA,489.5,87.9,5.57,0.33
2025,Turkey,TUR,MENA,496.6,88.5,5.61,0.32
2026,Turkey,TUR,MENA,499.1,89.1,5.6,0.31
2000,Australia,AUS,Oceania,379.1,22.9,16.52,3.3
2001,Australia,AUS,Oceania,376.9,23.1,16.29,2.96
2002,Australia,AUS,Oceania,385.2,23.3,16.52,2.75
2003,Australia,AUS,Oceania,383.3,23.5,16.32,2.51
2004,Australia,AUS,Oceania,394.9,23.7,16.68,2.38
2005,Australia,AUS,Oceania,399.8,23.9,16.76,2.23
2006,Australia,AUS,Oceania,406.8,24.0,16.93,2.12
2007,Australia,AUS,Oceania,403.2,24.2,16.65,1.96
2008,Australia,AUS,Oceania,409.6,24.4,16.79,1.87
2009,Australia,AUS,Oceania,405.2,24.6,16.49,1.74
2010,Australia,AUS,Oceania,407.1,24.8,16.44,1.64
2011,Australia,AUS,Oceania,410.9,24.9,16.48,1.57
2012,Australia,AUS,Oceania,403.6,25.1,16.07,1.46
2013,Australia,AUS,Oceania,405.6,25.3,16.03,1.39
2014,Australia,AUS,Oceania,395.6,25.5,15.52,1.29
2015,Australia,AUS,Oceania,394.7,25.7,15.38,1.23
2016,Australia,AUS,Oceania,399.8,25.8,15.47,1.19
2017,Australia,AUS,Oceania,397.2,26.0,15.26,1.13
2018,Australia,AUS,Oceania,382.3,26.2,14.59,1.04
2019,Australia,AUS,Oceania,387.9,26.4,14.7,1.01
2020,Australia,AUS,Oceania,377.0,26.6,14.19,0.95
2021,Australia,AUS,Oceania,383.8,26.7,14.35,0.93
2022,Australia,AUS,Oceania,395.7,26.9,14.7,0.92
2023,Australia,AUS,Oceania,396.0,27.1,14.61,0.89
2024,Australia,AUS,Oceania,399.7,27.3,14.65,0.86
2025,Australia,AUS,Oceania,401.2,27.5,14.6,0.83
2026,Australia,AUS,Oceania,380.9,27.7,13.78,0.77
2000,United Kingdom,GBR,Europe,571.4,56.9,10.03,2.01
2001,United Kingdom,GBR,Europe,565.8,57.4,9.86,1.79
2002,United Kingdom,GBR,Europe,561.8,57.8,9.71,1.62
2003,United Kingdom,GBR,Europe,536.4,58.3,9.2,1.42
2004,United Kingdom,GBR,Europe,546.3,58.7,9.3,1.33
2005,United Kingdom,GBR,Europe,535.6,59.2,9.05,1.21
2006,United Kingdom,GBR,Europe,538.3,59.6,9.02,1.13
2007,United Kingdom,GBR,Europe,526.8,60.1,8.77,1.03
2008,United Kingdom,GBR,Europe,511.4,60.5,8.45,0.94
2009,United Kingdom,GBR,Europe,512.5,61.0,8.4,0.88
2010,United Kingdom,GBR,Europe,505.4,61.4,8.23,0.82
2011,United Kingdom,GBR,Europe,477.4,61.9,7.71,0.73
2012,United Kingdom,GBR,Europe,462.6,62.3,7.42,0.67
2013,United Kingdom,GBR,Europe,434.0,62.8,6.91,0.6
2014,United Kingdom,GBR,Europe,424.9,63.2,6.72,0.56
2015,United Kingdom,GBR,Europe,410.4,63.7,6.44,0.52
2016,United Kingdom,GBR,Europe,398.4,64.1,6.21,0.48
2017,United Kingdom,GBR,Europe,375.6,64.6,5.82,0.43
2018,United Kingdom,GBR,Europe,361.2,65.0,5.55,0.4
2019,United Kingdom,GBR,Europe,340.6,65.5,5.2,0.36
2020,United Kingdom,GBR,Europe,330.8,65.9,5.02,0.33
2021,United Kingdom,GBR,Europe,323.3,66.4,4.87,0.31
2022,United Kingdom,GBR,Europe,314.4,66.8,4.7,0.29
2023,United Kingdom,GBR,Europe,303.8,67.3,4.52,0.27
2024,United Kingdom,GBR,Europe,288.2,67.7,4.26,0.25
2025,United Kingdom,GBR,Europe,284.8,68.2,4.18,0.24
2026,United Kingdom,GBR,Europe,278.3,68.6,4.06,0.23
2000,France,FRA,Europe,417.5,55.2,7.56,1.51
2001,France,FRA,Europe,416.5,55.7,7.48,1.36
2002,France,FRA,Europe,420.8,56.1,7.5,1.25
2003,France,FRA,Europe,413.0,56.6,7.3,1.12
2004,France,FRA,Europe,398.0,57.0,6.98,1.0
2005,France,FRA,Europe,404.1,57.4,7.04,0.94
2006,France,FRA,Europe,399.8,57.9,6.91,0.86
2007,France,FRA,Europe,387.3,58.3,6.64,0.78
2008,France,FRA,Europe,392.9,58.7,6.69,0.74
2009,France,FRA,Europe,383.1,59.2,6.47,0.68
2010,France,FRA,Europe,372.0,59.6,6.24,0.62
2011,France,FRA,Europe,371.5,60.0,6.19,0.59
2012,France,FRA,Europe,359.2,60.5,5.94,0.54
2013,France,FRA,Europe,345.8,60.9,5.68,0.49
2014,France,FRA,Europe,335.8,61.3,5.47,0.46
2015,France,FRA,Europe,321.5,61.8,5.2,0.42
2016,France,FRA,Europe,318.9,62.2,5.13,0.39
2017,France,FRA,Europe,306.8,62.7,4.9,0.36
2018,France,FRA,Europe,298.7,63.1,4.74,0.34
2019,France,FRA,Europe,290.5,63.5,4.57,0.32
2020,France,FRA,Europe,275.2,64.0,4.3,0.29
2021,France,FRA,Europe,277.5,64.4,4.31,0.28
2022,France,FRA,Europe,273.1,64.8,4.21,0.26
2023,France,FRA,Europe,286.2,65.3,4.38,0.27
2024,France,FRA,Europe,279.8,65.7,4.26,0.25
2025,France,FRA,Europe,280.6,66.1,4.24,0.24
2026,France,FRA,Europe,276.5,66.6,4.15,0.23
2000,Italy,ITA,Europe,474.2,50.1,9.46,1.89
2001,Italy,ITA,Europe,457.6,50.5,9.05,1.65
2002,Italy,ITA,Europe,461.5,50.9,9.06,1.51
2003,Italy,ITA,Europe,469.5,51.3,9.15,1.41
2004,Italy,ITA,Europe,465.7,51.7,9.0,1.29
2005,Italy,ITA,Europe,456.7,52.1,8.76,1.17
2006,Italy,ITA,Europe,448.3,52.5,8.53,1.07
2007,Italy,ITA,Europe,435.3,52.9,8.23,0.97
2008,Italy,ITA,Europe,442.7,53.3,8.3,0.92
2009,Italy,ITA,Europe,433.0,53.7,8.06,0.85
2010,Italy,ITA,Europe,433.6,54.1,8.01,0.8
2011,Italy,ITA,Europe,411.1,54.5,7.54,0.72
2012,Italy,ITA,Europe,399.0,54.9,7.27,0.66
2013,Italy,ITA,Europe,385.9,55.3,6.98,0.61
2014,Italy,ITA,Europe,371.4,55.7,6.67,0.56
2015,Italy,ITA,Europe,357.6,56.1,6.38,0.51
2016,Italy,ITA,Europe,342.0,56.5,6.06,0.47
2017,Italy,ITA,Europe,328.2,56.9,5.77,0.43
2018,Italy,ITA,Europe,332.9,57.3,5.81,0.42
2019,Italy,ITA,Europe,326.8,57.7,5.67,0.39
2020,Italy,ITA,Europe,307.0,58.1,5.29,0.35
2021,Italy,ITA,Europe,298.9,58.5,5.11,0.33
2022,Italy,ITA,Europe,301.5,58.8,5.12,0.32
2023,Italy,ITA,Europe,307.3,59.2,5.19,0.31
2024,Italy,ITA,Europe,311.1,59.6,5.22,0.31
2025,Italy,ITA,Europe,294.5,60.0,4.91,0.28
2026,Italy,ITA,Europe,294.4,60.4,4.87,0.27
2000,Spain,ESP,Europe,310.9,40.8,7.62,1.52
2001,Spain,ESP,Europe,312.0,41.1,7.59,1.38
2002,Spain,ESP,Europe,304.4,41.4,7.35,1.22
2003,Spain,ESP,Europe,296.9,41.8,7.11,1.09
2004,Spain,ESP,Europe,304.8,42.1,7.24,1.03
2005,Spain,ESP,Europe,305.1,42.4,7.19,0.96
2006,Spain,ESP,Europe,297.6,42.7,6.97,0.87
2007,Spain,ESP,Europe,297.8,43.1,6.92,0.81
2008,Spain,ESP,Europe,291.9,43.4,6.73,0.75
2009,Spain,ESP,Europe,288.3,43.7,6.6,0.69
2010,Spain,ESP,Europe,294.5,44.0,6.69,0.67
2011,Spain,ESP,Europe,286.7,44.3,6.47,0.62
2012,Spain,ESP,Europe,282.1,44.7,6.32,0.57
2013,Spain,ESP,Europe,281.2,45.0,6.25,0.54
2014,Spain,ESP,Europe,265.7,45.3,5.87,0.49
2015,Spain,ESP,Europe,262.8,45.6,5.76,0.46
2016,Spain,ESP,Europe,257.6,45.9,5.61,0.43
2017,Spain,ESP,Europe,246.9,46.3,5.34,0.4
2018,Spain,ESP,Europe,243.8,46.6,5.23,0.37
2019,Spain,ESP,Europe,232.3,46.9,4.95,0.34
2020,Spain,ESP,Europe,221.7,47.2,4.69,0.31
2021,Spain,ESP,Europe,226.5,47.6,4.76,0.31
2022,Spain,ESP,Europe,228.1,47.9,4.76,0.3
2023,Spain,ESP,Europe,232.0,48.2,4.81,0.29
2024,Spain,ESP,Europe,231.4,48.5,4.77,0.28
2025,Spain,ESP,Europe,226.6,48.8,4.64,0.27
2026,Spain,ESP,Europe,221.1,49.2,4.5,0.25
2000,Poland,POL,Europe,329.1,32.3,10.19,2.04
2001,Poland,POL,Europe,325.5,32.6,10.0,1.82
2002,Poland,POL,Europe,329.4,32.8,10.04,1.67
2003,Poland,POL,Europe,325.4,33.1,9.84,1.51
2004,Poland,POL,Europe,334.3,33.3,10.03,1.43
2005,Poland,POL,Europe,331.5,33.6,9.88,1.32
2006,Poland,POL,Europe,327.1,33.8,9.67,1.21
2007,Poland,POL,Europe,324.8,34.1,9.53,1.12
2008,Poland,POL,Europe,321.6,34.3,9.37,1.04
2009,Poland,POL,Europe,314.9,34.6,9.1,0.96
2010,Poland,POL,Europe,319.0,34.8,9.15,0.92
2011,Poland,POL,Europe,315.5,35.1,8.99,0.86
2012,Poland,POL,Europe,311.1,35.4,8.8,0.8
2013,Poland,POL,Europe,307.1,35.6,8.63,0.75
2014,Poland,POL,Europe,304.1,35.9,8.48,0.71
2015,Poland,POL,Europe,291.9,36.1,8.08,0.65
2016,Poland,POL,Europe,292.0,36.4,8.03,0.62
2017,Poland,POL,Europe,301.4,36.6,8.23,0.61
2018,Poland,POL,Europe,298.4,36.9,8.09,0.58
2019,Poland,POL,Europe,293.3,37.1,7.9,0.54
2020,Poland,POL,Europe,294.5,37.4,7.88,0.53
2021,Poland,POL,Europe,298.3,37.6,7.92,0.51
2022,Poland,POL,Europe,302.6,37.9,7.99,0.5
2023,Poland,POL,Europe,308.4,38.2,8.08,0.49
2024,Poland,POL,Europe,321.8,38.4,8.38,0.49
2025,Poland,POL,Europe,303.4,38.7,7.85,0.45
2026,Poland,POL,Europe,297.9,38.9,7.66,0.43
2000,Netherlands,NLD,Europe,175.4,15.3,11.47,2.29
2001,Netherlands,NLD,Europe,179.2,15.4,11.62,2.11
2002,Netherlands,NLD,Europe,184.3,15.5,11.86,1.98
2003,Netherlands,NLD,Europe,182.6,15.7,11.66,1.79
2004,Netherlands,NLD,Europe,170.0,15.8,10.77,1.54
2005,Netherlands,NLD,Europe,184.3,15.9,11.59,1.55
2006,Netherlands,NLD,Europe,188.3,16.0,11.75,1.47
2007,Netherlands,NLD,Europe,178.0,16.1,11.03,1.3
2008,Netherlands,NLD,Europe,188.2,16.3,11.57,1.29
2009,Netherlands,NLD,Europe,176.8,16.4,10.79,1.14
2010,Netherlands,NLD,Europe,187.6,16.5,11.37,1.14
2011,Netherlands,NLD,Europe,183.0,16.6,11.01,1.05
2012,Netherlands,NLD,Europe,174.6,16.7,10.43,0.95
2013,Netherlands,NLD,Europe,180.2,16.9,10.68,0.93
2014,Netherlands,NLD,Europe,180.1,17.0,10.6,0.88
2015,Netherlands,NLD,Europe,176.0,17.1,10.28,0.82
2016,Netherlands,NLD,Europe,170.5,17.2,9.89,0.76
2017,Netherlands,NLD,Europe,162.0,17.4,9.34,0.69
2018,Netherlands,NLD,Europe,152.6,17.5,8.74,0.62
2019,Netherlands,NLD,Europe,152.6,17.6,8.67,0.6
2020,Netherlands,NLD,Europe,148.8,17.7,8.4,0.56
2021,Netherlands,NLD,Europe,144.9,17.8,8.13,0.52
2022,Netherlands,NLD,Europe,135.8,18.0,7.57,0.47
2023,Netherlands,NLD,Europe,134.4,18.1,7.43,0.45
2024,Netherlands,NLD,Europe,133.3,18.2,7.33,0.43
2025,Netherlands,NLD,Europe,129.3,18.3,7.06,0.4
2026,Netherlands,NLD,Europe,130.1,18.4,7.06,0.39
2000,Ukraine,UKR,Europe,331.9,32.3,10.28,2.06
2001,Ukraine,UKR,Europe,319.0,32.6,9.8,1.78
2002,Ukraine,UKR,Europe,325.8,32.8,9.93,1.65
2003,Ukraine,UKR,Europe,320.9,33.1,9.7,1.49
2004,Ukraine,UKR,Europe,311.4,33.3,9.35,1.34
2005,Ukraine,UKR,Europe,309.2,33.6,9.21,1.23
2006,Ukraine,UKR,Europe,297.1,33.8,8.78,1.1
2007,Ukraine,UKR,Europe,300.5,34.1,8.82,1.04
2008,Ukraine,UKR,Europe,298.0,34.3,8.68,0.96
2009,Ukraine,UKR,Europe,294.7,34.6,8.52,0.9
2010,Ukraine,UKR,Europe,291.6,34.8,8.37,0.84
2011,Ukraine,UKR,Europe,279.0,35.1,7.95,0.76
2012,Ukraine,UKR,Europe,264.9,35.4,7.49,0.68
2013,Ukraine,UKR,Europe,255.1,35.6,7.16,0.62
2014,Ukraine,UKR,Europe,245.6,35.9,6.85,0.57
2015,Ukraine,UKR,Europe,229.7,36.1,6.36,0.51
2016,Ukraine,UKR,Europe,224.1,36.4,6.16,0.47
2017,Ukraine,UKR,Europe,215.4,36.6,5.88,0.44
2018,Ukraine,UKR,Europe,207.0,36.9,5.61,0.4
2019,Ukraine,UKR,Europe,203.6,37.1,5.48,0.38
2020,Ukraine,UKR,Europe,193.4,37.4,5.17,0.34
2021,Ukraine,UKR,Europe,187.3,37.6,4.98,0.32
2022,Ukraine,UKR,Europe,177.6,37.9,4.69,0.29
2023,Ukraine,UKR,Europe,168.0,38.2,4.4,0.27
2024,Ukraine,UKR,Europe,159.2,38.4,4.15,0.24
2025,Ukraine,UKR,Europe,153.8,38.7,3.98,0.23
2026,Ukraine,UKR,Europe,146.3,38.9,3.76,0.21
2000,Czech Republic,CZE,Europe,130.7,9.3,13.98,2.8
2001,Czech Republic,CZE,Europe,129.4,9.4,13.74,2.5
2002,Czech Republic,CZE,Europe,129.6,9.5,13.65,2.27
2003,Czech Republic,CZE,Europe,126.0,9.6,13.16,2.03
2004,Czech Republic,CZE,Europe,129.6,9.6,13.44,1.92
2005,Czech Republic,CZE,Europe,124.3,9.7,12.79,1.71
2006,Czech Republic,CZE,Europe,122.4,9.8,12.5,1.56
2007,Czech Republic,CZE,Europe,121.2,9.9,12.28,1.44
2008,Czech Republic,CZE,Europe,118.8,9.9,11.95,1.33
2009,Czech Republic,CZE,Europe,123.8,10.0,12.36,1.3
2010,Czech Republic,CZE,Europe,122.5,10.1,12.14,1.21
2011,Czech Republic,CZE,Europe,118.1,10.2,11.62,1.11
2012,Czech Republic,CZE,Europe,112.5,10.2,10.99,1.0
2013,Czech Republic,CZE,Europe,114.0,10.3,11.06,0.96
2014,Czech Republic,CZE,Europe,107.4,10.4,10.35,0.86
2015,Czech Republic,CZE,Europe,104.6,10.5,10.0,0.8
2016,Czech Republic,CZE,Europe,105.2,10.5,9.99,0.77
2017,Czech Republic,CZE,Europe,102.0,10.6,9.62,0.71
2018,Czech Republic,CZE,Europe,102.3,10.7,9.58,0.68
2019,Czech Republic,CZE,Europe,97.4,10.8,9.06,0.62
2020,Czech Republic,CZE,Europe,94.4,10.8,8.72,0.58
2021,Czech Republic,CZE,Europe,94.1,10.9,8.64,0.56
2022,Czech Republic,CZE,Europe,92.4,11.0,8.42,0.53
2023,Czech Republic,CZE,Europe,94.6,11.0,8.57,0.52
2024,Czech Republic,CZE,Europe,96.6,11.1,8.69,0.51
2025,Czech Republic,CZE,Europe,93.3,11.2,8.34,0.48
2026,Czech Republic,CZE,Europe,90.0,11.3,7.99,0.44
2000,Belgium,BEL,Europe,128.1,10.2,12.55,2.51
2001,Belgium,BEL,Europe,129.4,10.3,12.59,2.29
2002,Belgium,BEL,Europe,129.9,10.4,12.54,2.09
2003,Belgium,BEL,Europe,127.8,10.4,12.24,1.88
2004,Belgium,BEL,Europe,126.3,10.5,12.01,1.72
2005,Belgium,BEL,Europe,123.5,10.6,11.65,1.55
2006,Belgium,BEL,Europe,125.6,10.7,11.76,1.47
2007,Belgium,BEL,Europe,117.2,10.8,10.89,1.28
2008,Belgium,BEL,Europe,122.7,10.8,11.32,1.26
2009,Belgium,BEL,Europe,125.7,10.9,11.5,1.21
2010,Belgium,BEL,Europe,117.3,11.0,10.66,1.07
2011,Belgium,BEL,Europe,115.6,11.1,10.43,0.99
2012,Belgium,BEL,Europe,112.0,11.2,10.03,0.91
2013,Belgium,BEL,Europe,107.3,11.2,9.54,0.83
2014,Belgium,BEL,Europe,105.6,11.3,9.33,0.78
2015,Belgium,BEL,Europe,100.7,11.4,8.83,0.71
2016,Belgium,BEL,Europe,98.2,11.5,8.55,0.66
2017,Belgium,BEL,Europe,97.1,11.6,8.4,0.62
2018,Belgium,BEL,Europe,94.0,11.6,8.07,0.58
2019,Belgium,BEL,Europe,96.4,11.7,8.22,0.57
2020,Belgium,BEL,Europe,90.2,11.8,7.64,0.51
2021,Belgium,BEL,Europe,90.3,11.9,7.59,0.49
2022,Belgium,BEL,Europe,87.7,12.0,7.33,0.46
2023,Belgium,BEL,Europe,89.3,12.0,7.41,0.45
2024,Belgium,BEL,Europe,91.5,12.1,7.55,0.44
2025,Belgium,BEL,Europe,85.7,12.2,7.02,0.4
2026,Belgium,BEL,Europe,82.2,12.3,6.69,0.37
2000,Sweden,SWE,Europe,55.0,8.9,6.17,1.23
2001,Sweden,SWE,Europe,56.1,9.0,6.24,1.13
2002,Sweden,SWE,Europe,55.0,9.1,6.07,1.01
2003,Sweden,SWE,Europe,54.7,9.1,5.99,0.92
2004,Sweden,SWE,Europe,53.5,9.2,5.81,0.83
2005,Sweden,SWE,Europe,55.4,9.3,5.97,0.8
2006,Sweden,SWE,Europe,55.5,9.3,5.94,0.74
2007,Sweden,SWE,Europe,53.5,9.4,5.68,0.67
2008,Sweden,SWE,Europe,55.9,9.5,5.9,0.66
2009,Sweden,SWE,Europe,55.6,9.6,5.82,0.61
2010,Sweden,SWE,Europe,55.9,9.6,5.81,0.58
2011,Sweden,SWE,Europe,53.5,9.7,5.51,0.52
2012,Sweden,SWE,Europe,51.5,9.8,5.27,0.48
2013,Sweden,SWE,Europe,49.4,9.8,5.02,0.44
2014,Sweden,SWE,Europe,47.6,9.9,4.8,0.4
2015,Sweden,SWE,Europe,43.8,10.0,4.39,0.35
2016,Sweden,SWE,Europe,42.0,10.1,4.18,0.32
2017,Sweden,SWE,Europe,40.5,10.1,4.01,0.3
2018,Sweden,SWE,Europe,38.9,10.2,3.82,0.27
2019,Sweden,SWE,Europe,37.2,10.3,3.63,0.25
2020,Sweden,SWE,Europe,35.2,10.3,3.4,0.23
2021,Sweden,SWE,Europe,34.3,10.4,3.3,0.21
2022,Sweden,SWE,Europe,33.1,10.5,3.16,0.2
2023,Sweden,SWE,Europe,30.8,10.5,2.93,0.18
2024,Sweden,SWE,Europe,30.1,10.6,2.84,0.17
2025,Sweden,SWE,Europe,28.6,10.7,2.68,0.15
2026,Sweden,SWE,Europe,27.9,10.8,2.6,0.14
2000,Norway,NOR,Europe,45.2,4.7,9.67,1.93
2001,Norway,NOR,Europe,43.6,4.7,9.26,1.68
2002,Norway,NOR,Europe,48.7,4.7,10.26,1.71
2003,Norway,NOR,Europe,48.4,4.8,10.12,1.56
2004,Norway,NOR,Europe,48.6,4.8,10.07,1.44
2005,Norway,NOR,Europe,51.4,4.9,10.59,1.41
2006,Norway,NOR,Europe,50.7,4.9,10.36,1.3
2007,Norway,NOR,Europe,52.1,4.9,10.56,1.24
2008,Norway,NOR,Europe,52.6,5.0,10.59,1.18
2009,Norway,NOR,Europe,55.3,5.0,11.05,1.16
2010,Norway,NOR,Europe,54.9,5.0,10.89,1.09
2011,Norway,NOR,Europe,54.1,5.1,10.65,1.01
2012,Norway,NOR,Europe,54.0,5.1,10.54,0.96
2013,Norway,NOR,Europe,52.5,5.2,10.18,0.89
2014,Norway,NOR,Europe,51.0,5.2,9.82,0.82
2015,Norway,NOR,Europe,50.8,5.2,9.72,0.78
2016,Norway,NOR,Europe,50.9,5.3,9.66,0.74
2017,Norway,NOR,Europe,48.2,5.3,9.1,0.67
2018,Norway,NOR,Europe,47.1,5.3,8.82,0.63
2019,Norway,NOR,Europe,46.1,5.4,8.58,0.59
2020,Norway,NOR,Europe,45.9,5.4,8.48,0.57
2021,Norway,NOR,Europe,44.6,5.4,8.18,0.53
2022,Norway,NOR,Europe,44.8,5.5,8.17,0.51
2023,Norway,NOR,Europe,44.0,5.5,7.96,0.48
2024,Norway,NOR,Europe,44.2,5.6,7.95,0.47
2025,Norway,NOR,Europe,43.2,5.6,7.71,0.44
2026,Norway,NOR,Europe,42.0,5.6,7.45,0.41
2000,Finland,FIN,Europe,66.7,4.8,14.02,2.8
2001,Finland,FIN,Europe,65.5,4.8,13.66,2.48
2002,Finland,FIN,Europe,64.1,4.8,13.26,2.21
2003,Finland,FIN,Europe,64.3,4.9,13.19,2.03
2004,Finland,FIN,Europe,66.3,4.9,13.51,1.93
2005,Finland,FIN,Europe,66.1,4.9,13.36,1.78
2006,Finland,FIN,Europe,65.0,5.0,13.04,1.63
2007,Finland,FIN,Europe,64.6,5.0,12.86,1.51
2008,Finland,FIN,Europe,66.1,5.1,13.06,1.45
2009,Finland,FIN,Europe,64.0,5.1,12.56,1.32
2010,Finland,FIN,Europe,65.4,5.1,12.73,1.27
2011,Finland,FIN,Europe,64.1,5.2,12.39,1.18
2012,Finland,FIN,Europe,59.2,5.2,11.36,1.03
2013,Finland,FIN,Europe,55.3,5.2,10.55,0.92
2014,Finland,FIN,Europe,53.3,5.3,10.09,0.84
2015,Finland,FIN,Europe,49.6,5.3,9.33,0.75
2016,Finland,FIN,Europe,47.0,5.4,8.77,0.67
2017,Finland,FIN,Europe,46.5,5.4,8.61,0.64
2018,Finland,FIN,Europe,44.7,5.4,8.23,0.59
2019,Finland,FIN,Europe,41.8,5.5,7.64,0.53
2020,Finland,FIN,Europe,39.8,5.5,7.22,0.48
2021,Finland,FIN,Europe,38.2,5.5,6.88,0.44
2022,Finland,FIN,Europe,37.4,5.6,6.7,0.42
2023,Finland,FIN,Europe,35.9,5.6,6.39,0.39
2024,Finland,FIN,Europe,34.5,5.7,6.09,0.36
2025,Finland,FIN,Europe,35.0,5.7,6.14,0.35
2026,Finland,FIN,Europe,33.2,5.7,5.79,0.32
2000,Denmark,DNK,Europe,55.5,5.1,10.88,2.18
2001,Denmark,DNK,Europe,55.2,5.1,10.74,1.95
2002,Denmark,DNK,Europe,54.6,5.2,10.54,1.76
2003,Denmark,DNK,Europe,53.2,5.2,10.18,1.57
2004,Denmark,DNK,Europe,53.2,5.3,10.12,1.45
2005,Denmark,DNK,Europe,52.3,5.3,9.86,1.32
2006,Denmark,DNK,Europe,52.3,5.3,9.8,1.22
2007,Denmark,DNK,Europe,51.8,5.4,9.62,1.13
2008,Denmark,DNK,Europe,50.7,5.4,9.35,1.04
2009,Denmark,DNK,Europe,49.5,5.5,9.06,0.95
2010,Denmark,DNK,Europe,50.1,5.5,9.11,0.91
2011,Denmark,DNK,Europe,46.9,5.5,8.45,0.81
2012,Denmark,DNK,Europe,42.8,5.6,7.66,0.7
2013,Denmark,DNK,Europe,41.3,5.6,7.35,0.64
2014,Denmark,DNK,Europe,38.6,5.7,6.81,0.57
2015,Denmark,DNK,Europe,36.3,5.7,6.37,0.51
2016,Denmark,DNK,Europe,33.8,5.7,5.89,0.45
2017,Denmark,DNK,Europe,32.7,5.8,5.66,0.42
2018,Denmark,DNK,Europe,31.5,5.8,5.4,0.39
2019,Denmark,DNK,Europe,31.1,5.9,5.3,0.37
2020,Denmark,DNK,Europe,30.1,5.9,5.1,0.34
2021,Denmark,DNK,Europe,28.9,5.9,4.86,0.31
2022,Denmark,DNK,Europe,28.4,6.0,4.75,0.3
2023,Denmark,DNK,Europe,26.9,6.0,4.47,0.27
2024,Denmark,DNK,Europe,27.4,6.1,4.51,0.27
2025,Denmark,DNK,Europe,25.7,6.1,4.21,0.24
2026,Denmark,DNK,Europe,25.0,6.1,4.07,0.23
2000,UAE,ARE,MENA,107.6,8.1,13.33,2.67
2001,UAE,ARE,MENA,115.0,8.1,14.13,2.57
2002,UAE,ARE,MENA,121.5,8.2,14.81,2.47
2003,UAE,ARE,MENA,128.0,8.3,15.48,2.38
2004,UAE,ARE,MENA,135.0,8.3,16.2,2.31
2005,UAE,ARE,MENA,143.0,8.4,17.04,2.27
2006,UAE,ARE,MENA,147.6,8.5,17.45,2.18
2007,UAE,ARE,MENA,154.2,8.5,18.1,2.13
2008,UAE,ARE,MENA,161.4,8.6,18.81,2.09
2009,UAE,ARE,MENA,165.4,8.6,19.13,2.01
2010,UAE,ARE,MENA,169.9,8.7,19.5,1.95
2011,UAE,ARE,MENA,180.7,8.8,20.59,1.96
2012,UAE,ARE,MENA,189.0,8.8,21.38,1.94
2013,UAE,ARE,MENA,195.9,8.9,22.0,1.91
2014,UAE,ARE,MENA,197.6,9.0,22.04,1.84
2015,UAE,ARE,MENA,207.3,9.0,22.96,1.84
2016,UAE,ARE,MENA,211.1,9.1,23.22,1.79
2017,UAE,ARE,MENA,216.5,9.2,23.64,1.75
2018,UAE,ARE,MENA,215.9,9.2,23.42,1.67
2019,UAE,ARE,MENA,221.7,9.3,23.88,1.65
2020,UAE,ARE,MENA,224.3,9.3,24.0,1.6
2021,UAE,ARE,MENA,230.3,9.4,24.47,1.58
2022,UAE,ARE,MENA,236.7,9.5,24.98,1.56
2023,UAE,ARE,MENA,235.0,9.5,24.64,1.49
2024,UAE,ARE,MENA,246.8,9.6,25.7,1.51
2025,UAE,ARE,MENA,240.3,9.7,24.86,1.42
2026,UAE,ARE,MENA,234.1,9.7,24.06,1.34
2000,Egypt,EGY,MENA,144.4,96.0,1.5,0.3
2001,Egypt,EGY,MENA,154.0,96.8,1.59,0.29
2002,Egypt,EGY,MENA,158.1,97.6,1.62,0.27
2003,Egypt,EGY,MENA,167.9,98.3,1.71,0.26
2004,Egypt,EGY,MENA,169.4,99.1,1.71,0.24
2005,Egypt,EGY,MENA,181.4,99.8,1.82,0.24
2006,Egypt,EGY,MENA,181.5,100.6,1.8,0.23
2007,Egypt,EGY,MENA,187.1,101.3,1.85,0.22
2008,Egypt,EGY,MENA,189.3,102.1,1.85,0.21
2009,Egypt,EGY,MENA,202.3,102.9,1.97,0.21
2010,Egypt,EGY,MENA,203.5,103.6,1.96,0.2
2011,Egypt,EGY,MENA,210.9,104.4,2.02,0.19
2012,Egypt,EGY,MENA,225.2,105.1,2.14,0.19
2013,Egypt,EGY,MENA,233.0,105.9,2.2,0.19
2014,Egypt,EGY,MENA,241.0,106.6,2.26,0.19
2015,Egypt,EGY,MENA,243.7,107.4,2.27,0.18
2016,Egypt,EGY,MENA,248.8,108.2,2.3,0.18
2017,Egypt,EGY,MENA,252.8,108.9,2.32,0.17
2018,Egypt,EGY,MENA,260.0,109.7,2.37,0.17
2019,Egypt,EGY,MENA,267.1,110.4,2.42,0.17
2020,Egypt,EGY,MENA,266.5,111.2,2.4,0.16
2021,Egypt,EGY,MENA,281.9,111.9,2.52,0.16
2022,Egypt,EGY,MENA,286.3,112.7,2.54,0.16
2023,Egypt,EGY,MENA,290.2,113.5,2.56,0.16
2024,Egypt,EGY,MENA,303.7,114.2,2.66,0.16
2025,Egypt,EGY,MENA,310.2,115.0,2.7,0.15
2026,Egypt,EGY,MENA,314.1,115.7,2.71,0.15
2000,Iraq,IRQ,MENA,91.6,38.2,2.39,0.48
2001,Iraq,IRQ,MENA,93.5,38.6,2.43,0.44
2002,Iraq,IRQ,MENA,96.7,38.9,2.49,0.41
2003,Iraq,IRQ,MENA,101.4,39.2,2.59,0.4
2004,Iraq,IRQ,MENA,106.6,39.5,2.7,0.39
2005,Iraq,IRQ,MENA,108.2,39.8,2.72,0.36
2006,Iraq,IRQ,MENA,111.8,40.1,2.79,0.35
2007,Iraq,IRQ,MENA,114.6,40.4,2.84,0.33
2008,Iraq,IRQ,MENA,117.4,40.7,2.89,0.32
2009,Iraq,IRQ,MENA,121.2,41.0,2.96,0.31
2010,Iraq,IRQ,MENA,125.3,41.3,3.04,0.3
2011,Iraq,IRQ,MENA,138.5,41.6,3.33,0.32
2012,Iraq,IRQ,MENA,144.5,41.9,3.45,0.31
2013,Iraq,IRQ,MENA,155.1,42.2,3.68,0.32
2014,Iraq,IRQ,MENA,162.9,42.5,3.83,0.32
2015,Iraq,IRQ,MENA,176.9,42.8,4.14,0.33
2016,Iraq,IRQ,MENA,183.7,43.1,4.26,0.33
2017,Iraq,IRQ,MENA,189.5,43.4,4.37,0.32
2018,Iraq,IRQ,MENA,190.6,43.7,4.36,0.31
2019,Iraq,IRQ,MENA,196.7,44.0,4.47,0.31
2020,Iraq,IRQ,MENA,199.5,44.3,4.51,0.3
2021,Iraq,IRQ,MENA,210.4,44.6,4.72,0.3
2022,Iraq,IRQ,MENA,218.5,44.9,4.87,0.3
2023,Iraq,IRQ,MENA,226.4,45.2,5.01,0.3
2024,Iraq,IRQ,MENA,235.5,45.5,5.18,0.3
2025,Iraq,IRQ,MENA,239.1,45.8,5.22,0.3
2026,Iraq,IRQ,MENA,238.9,46.1,5.18,0.29
2000,Qatar,QAT,MENA,54.8,2.5,21.49,4.3
2001,Qatar,QAT,MENA,60.5,2.6,23.54,4.28
2002,Qatar,QAT,MENA,65.6,2.6,25.31,4.22
2003,Qatar,QAT,MENA,65.8,2.6,25.2,3.88
2004,Qatar,QAT,MENA,69.7,2.6,26.48,3.78
2005,Qatar,QAT,MENA,73.9,2.7,27.89,3.72
2006,Qatar,QAT,MENA,78.9,2.7,29.54,3.69
2007,Qatar,QAT,MENA,84.1,2.7,31.26,3.68
2008,Qatar,QAT,MENA,87.8,2.7,32.38,3.6
2009,Qatar,QAT,MENA,91.2,2.7,33.41,3.52
2010,Qatar,QAT,MENA,95.8,2.8,34.81,3.48
2011,Qatar,QAT,MENA,97.0,2.8,35.0,3.33
2012,Qatar,QAT,MENA,100.6,2.8,36.05,3.28
2013,Qatar,QAT,MENA,104.0,2.8,36.98,3.22
2014,Qatar,QAT,MENA,104.5,2.8,36.89,3.07
2015,Qatar,QAT,MENA,108.1,2.9,37.9,3.03
2016,Qatar,QAT,MENA,107.2,2.9,37.32,2.87
2017,Qatar,QAT,MENA,109.2,2.9,37.78,2.8
2018,Qatar,QAT,MENA,107.4,2.9,36.88,2.63
2019,Qatar,QAT,MENA,107.0,2.9,36.49,2.52
2020,Qatar,QAT,MENA,102.1,3.0,34.59,2.31
2021,Qatar,QAT,MENA,106.3,3.0,35.78,2.31
2022,Qatar,QAT,MENA,113.6,3.0,37.97,2.37
2023,Qatar,QAT,MENA,111.4,3.0,36.98,2.24
2024,Qatar,QAT,MENA,122.2,3.0,40.3,2.37
2025,Qatar,QAT,MENA,114.3,3.1,37.44,2.14
2026,Qatar,QAT,MENA,116.5,3.1,37.9,2.11
2000,Kuwait,KWT,MENA,54.3,3.8,14.19,2.84
2001,Kuwait,KWT,MENA,59.9,3.9,15.54,2.83
2002,Kuwait,KWT,MENA,66.0,3.9,17.0,2.83
2003,Kuwait,KWT,MENA,64.7,3.9,16.53,2.54
2004,Kuwait,KWT,MENA,71.7,3.9,18.18,2.6
2005,Kuwait,KWT,MENA,73.0,4.0,18.35,2.45
2006,Kuwait,KWT,MENA,79.5,4.0,19.85,2.48
2007,Kuwait,KWT,MENA,82.7,4.0,20.5,2.41
2008,Kuwait,KWT,MENA,87.2,4.1,21.44,2.38
2009,Kuwait,KWT,MENA,89.8,4.1,21.91,2.31
2010,Kuwait,KWT,MENA,96.1,4.1,23.29,2.33
2011,Kuwait,KWT,MENA,92.9,4.2,22.36,2.13
2012,Kuwait,KWT,MENA,96.8,4.2,23.11,2.1
2013,Kuwait,KWT,MENA,94.4,4.2,22.39,1.95
2014,Kuwait,KWT,MENA,93.0,4.2,21.9,1.82
2015,Kuwait,KWT,MENA,97.3,4.3,22.74,1.82
2016,Kuwait,KWT,MENA,94.9,4.3,22.03,1.69
2017,Kuwait,KWT,MENA,97.7,4.3,22.53,1.67
2018,Kuwait,KWT,MENA,96.7,4.4,22.15,1.58
2019,Kuwait,KWT,MENA,93.9,4.4,21.34,1.47
2020,Kuwait,KWT,MENA,94.9,4.4,21.43,1.43
2021,Kuwait,KWT,MENA,97.7,4.5,21.91,1.41
2022,Kuwait,KWT,MENA,102.3,4.5,22.79,1.42
2023,Kuwait,KWT,MENA,103.2,4.5,22.83,1.38
2024,Kuwait,KWT,MENA,105.3,4.5,23.15,1.36
2025,Kuwait,KWT,MENA,102.2,4.6,22.32,1.28
2026,Kuwait,KWT,MENA,99.9,4.6,21.68,1.2
2000,Algeria,DZA,MENA,102.0,38.2,2.67,0.53
2001,Algeria,DZA,MENA,103.0,38.6,2.67,0.49
2002,Algeria,DZA,MENA,105.4,38.9,2.71,0.45
2003,Algeria,DZA,MENA,108.1,39.2,2.76,0.42
2004,Algeria,DZA,MENA,111.1,39.5,2.82,0.4
2005,Algeria,DZA,MENA,112.6,39.8,2.83,0.38
2006,Algeria,DZA,MENA,116.7,40.1,2.91,0.36
2007,Algeria,DZA,MENA,123.7,40.4,3.07,0.36
2008,Algeria,DZA,MENA,123.6,40.7,3.04,0.34
2009,Algeria,DZA,MENA,128.3,41.0,3.13,0.33
2010,Algeria,DZA,MENA,125.2,41.3,3.03,0.3
2011,Algeria,DZA,MENA,138.2,41.6,3.32,0.32
2012,Algeria,DZA,MENA,143.7,41.9,3.43,0.31
2013,Algeria,DZA,MENA,149.9,42.2,3.55,0.31
2014,Algeria,DZA,MENA,158.4,42.5,3.73,0.31
2015,Algeria,DZA,MENA,163.8,42.8,3.83,0.31
2016,Algeria,DZA,MENA,161.7,43.1,3.75,0.29
2017,Algeria,DZA,MENA,171.3,43.4,3.95,0.29
2018,Algeria,DZA,MENA,171.6,43.7,3.93,0.28
2019,Algeria,DZA,MENA,172.2,44.0,3.92,0.27
2020,Algeria,DZA,MENA,172.5,44.3,3.89,0.26
2021,Algeria,DZA,MENA,176.0,44.6,3.95,0.25
2022,Algeria,DZA,MENA,185.6,44.9,4.14,0.26
2023,Algeria,DZA,MENA,194.6,45.2,4.31,0.26
2024,Algeria,DZA,MENA,195.6,45.5,4.3,0.25
2025,Algeria,DZA,MENA,193.4,45.8,4.22,0.24
2026,Algeria,DZA,MENA,200.7,46.1,4.35,0.24
2000,Israel,ISR,MENA,62.9,8.2,7.63,1.53
2001,Israel,ISR,MENA,65.0,8.3,7.83,1.42
2002,Israel,ISR,MENA,66.0,8.4,7.88,1.31
2003,Israel,ISR,MENA,63.6,8.4,7.54,1.16
2004,Israel,ISR,MENA,68.4,8.5,8.04,1.15
2005,Israel,ISR,MENA,68.0,8.6,7.93,1.06
2006,Israel,ISR,MENA,68.7,8.6,7.96,0.99
2007,Israel,ISR,MENA,71.2,8.7,8.18,0.96
2008,Israel,ISR,MENA,73.0,8.8,8.33,0.93
2009,Israel,ISR,MENA,72.0,8.8,8.15,0.86
2010,Israel,ISR,MENA,75.8,8.9,8.52,0.85
2011,Israel,ISR,MENA,75.5,9.0,8.42,0.8
2012,Israel,ISR,MENA,74.3,9.0,8.23,0.75
2013,Israel,ISR,MENA,72.8,9.1,8.01,0.7
2014,Israel,ISR,MENA,72.3,9.2,7.9,0.66
2015,Israel,ISR,MENA,74.1,9.2,8.04,0.64
2016,Israel,ISR,MENA,68.8,9.3,7.41,0.57
2017,Israel,ISR,MENA,68.9,9.3,7.37,0.55
2018,Israel,ISR,MENA,65.0,9.4,6.91,0.49
2019,Israel,ISR,MENA,62.5,9.5,6.59,0.45
2020,Israel,ISR,MENA,58.5,9.5,6.13,0.41
2021,Israel,ISR,MENA,58.6,9.6,6.1,0.39
2022,Israel,ISR,MENA,58.0,9.7,6.0,0.37
2023,Israel,ISR,MENA,55.1,9.7,5.66,0.34
2024,Israel,ISR,MENA,55.4,9.8,5.65,0.33
2025,Israel,ISR,MENA,54.1,9.9,5.48,0.31
2026,Israel,ISR,MENA,52.5,9.9,5.28,0.29
2000,Vietnam,VNM,Asia,81.0,85.0,0.95,0.19
2001,Vietnam,VNM,Asia,86.5,85.7,1.01,0.18
2002,Vietnam,VNM,Asia,99.5,86.3,1.15,0.19
2003,Vietnam,VNM,Asia,111.1,87.0,1.28,0.2
2004,Vietnam,VNM,Asia,120.5,87.7,1.37,0.2
2005,Vietnam,VNM,Asia,128.2,88.3,1.45,0.19
2006,Vietnam,VNM,Asia,136.4,89.0,1.53,0.19
2007,Vietnam,VNM,Asia,145.1,89.7,1.62,0.19
2008,Vietnam,VNM,Asia,155.3,90.4,1.72,0.19
2009,Vietnam,VNM,Asia,166.9,91.0,1.83,0.19
2010,Vietnam,VNM,Asia,172.9,91.7,1.89,0.19
2011,Vietnam,VNM,Asia,190.1,92.4,2.06,0.2
2012,Vietnam,VNM,Asia,207.4,93.0,2.23,0.2
2013,Vietnam,VNM,Asia,213.8,93.7,2.28,0.2
2014,Vietnam,VNM,Asia,222.4,94.4,2.36,0.2
2015,Vietnam,VNM,Asia,235.2,95.0,2.47,0.2
2016,Vietnam,VNM,Asia,259.0,95.7,2.71,0.21
2017,Vietnam,VNM,Asia,271.8,96.4,2.82,0.21
2018,Vietnam,VNM,Asia,291.8,97.1,3.01,0.21
2019,Vietnam,VNM,Asia,301.6,97.7,3.09,0.21
2020,Vietnam,VNM,Asia,324.0,98.4,3.29,0.22
2021,Vietnam,VNM,Asia,346.7,99.1,3.5,0.23
2022,Vietnam,VNM,Asia,370.9,99.7,3.72,0.23
2023,Vietnam,VNM,Asia,400.1,100.4,3.98,0.24
2024,Vietnam,VNM,Asia,422.3,101.1,4.18,0.25
2025,Vietnam,VNM,Asia,463.4,101.8,4.55,0.26
2026,Vietnam,VNM,Asia,469.3,102.4,4.58,0.25
2000,Thailand,THA,Asia,181.7,61.2,2.97,0.59
2001,Thailand,THA,Asia,186.0,61.7,3.02,0.55
2002,Thailand,THA,Asia,191.9,62.2,3.09,0.51
2003,Thailand,THA,Asia,201.8,62.6,3.22,0.5
2004,Thailand,THA,Asia,213.5,63.1,3.38,0.48
2005,Thailand,THA,Asia,215.8,63.6,3.39,0.45
2006,Thailand,THA,Asia,222.1,64.1,3.46,0.43
2007,Thailand,THA,Asia,233.0,64.6,3.61,0.42
2008,Thailand,THA,Asia,241.8,65.1,3.72,0.41
2009,Thailand,THA,Asia,253.6,65.5,3.87,0.41
2010,Thailand,THA,Asia,256.4,66.0,3.88,0.39
2011,Thailand,THA,Asia,265.5,66.5,3.99,0.38
2012,Thailand,THA,Asia,273.9,67.0,4.09,0.37
2013,Thailand,THA,Asia,274.2,67.5,4.06,0.35
2014,Thailand,THA,Asia,282.9,68.0,4.16,0.35
2015,Thailand,THA,Asia,290.2,68.4,4.24,0.34
2016,Thailand,THA,Asia,291.1,68.9,4.22,0.32
2017,Thailand,THA,Asia,302.6,69.4,4.36,0.32
2018,Thailand,THA,Asia,302.3,69.9,4.33,0.31
2019,Thailand,THA,Asia,303.4,70.4,4.31,0.3
2020,Thailand,THA,Asia,293.1,70.8,4.14,0.28
2021,Thailand,THA,Asia,320.8,71.3,4.5,0.29
2022,Thailand,THA,Asia,313.2,71.8,4.36,0.27
2023,Thailand,THA,Asia,333.7,72.3,4.62,0.28
2024,Thailand,THA,Asia,322.8,72.8,4.44,0.26
2025,Thailand,THA,Asia,328.4,73.3,4.48,0.26
2026,Thailand,THA,Asia,323.9,73.7,4.39,0.24
2000,Pakistan,PAK,Asia,120.7,204.0,0.59,0.12
2001,Pakistan,PAK,Asia,123.4,205.6,0.6,0.11
2002,Pakistan,PAK,Asia,128.9,207.2,0.62,0.1
2003,Pakistan,PAK,Asia,133.7,208.8,0.64,0.1
2004,Pakistan,PAK,Asia,143.7,210.4,0.68,0.1
2005,Pakistan,PAK,Asia,149.1,212.0,0.7,0.09
2006,Pakistan,PAK,Asia,157.2,213.6,0.74,0.09
2007,Pakistan,PAK,Asia,156.9,215.3,0.73,0.09
2008,Pakistan,PAK,Asia,164.5,216.9,0.76,0.08
2009,Pakistan,PAK,Asia,166.2,218.5,0.76,0.08
2010,Pakistan,PAK,Asia,174.1,220.1,0.79,0.08
2011,Pakistan,PAK,Asia,180.6,221.7,0.81,0.08
2012,Pakistan,PAK,Asia,190.3,223.3,0.85,0.08
2013,Pakistan,PAK,Asia,199.0,224.9,0.88,0.08
2014,Pakistan,PAK,Asia,206.0,226.5,0.91,0.08
2015,Pakistan,PAK,Asia,207.3,228.1,0.91,0.07
2016,Pakistan,PAK,Asia,219.2,229.7,0.95,0.07
2017,Pakistan,PAK,Asia,221.9,231.3,0.96,0.07
2018,Pakistan,PAK,Asia,226.9,232.9,0.97,0.07
2019,Pakistan,PAK,Asia,231.5,234.6,0.99,0.07
2020,Pakistan,PAK,Asia,238.0,236.2,1.01,0.07
2021,Pakistan,PAK,Asia,256.5,237.8,1.08,0.07
2022,Pakistan,PAK,Asia,261.2,239.4,1.09,0.07
2023,Pakistan,PAK,Asia,270.7,241.0,1.12,0.07
2024,Pakistan,PAK,Asia,278.9,242.6,1.15,0.07
2025,Pakistan,PAK,Asia,295.5,244.2,1.21,0.07
2026,Pakistan,PAK,Asia,295.7,245.8,1.2,0.07
2000,Malaysia,MYS,Asia,143.4,28.9,4.96,0.99
2001,Malaysia,MYS,Asia,149.9,29.1,5.15,0.94
2002,Malaysia,MYS,Asia,155.5,29.4,5.3,0.88
2003,Malaysia,MYS,Asia,161.9,29.6,5.47,0.84
2004,Malaysia,MYS,Asia,165.2,29.8,5.54,0.79
2005,Malaysia,MYS,Asia,173.6,30.0,5.78,0.77
2006,Malaysia,MYS,Asia,181.9,30.3,6.01,0.75
2007,Malaysia,MYS,Asia,179.9,30.5,5.9,0.69
2008,Malaysia,MYS,Asia,185.8,30.7,6.05,0.67
2009,Malaysia,MYS,Asia,193.1,31.0,6.24,0.66
2010,Malaysia,MYS,Asia,198.7,31.2,6.37,0.64
2011,Malaysia,MYS,Asia,214.2,31.4,6.82,0.65
2012,Malaysia,MYS,Asia,219.2,31.6,6.93,0.63
2013,Malaysia,MYS,Asia,227.2,31.9,7.13,0.62
2014,Malaysia,MYS,Asia,231.1,32.1,7.2,0.6
2015,Malaysia,MYS,Asia,239.0,32.3,7.39,0.59
2016,Malaysia,MYS,Asia,238.7,32.5,7.33,0.56
2017,Malaysia,MYS,Asia,250.9,32.8,7.66,0.57
2018,Malaysia,MYS,Asia,253.9,33.0,7.69,0.55
2019,Malaysia,MYS,Asia,260.9,33.2,7.85,0.54
2020,Malaysia,MYS,Asia,259.2,33.5,7.75,0.52
2021,Malaysia,MYS,Asia,265.7,33.7,7.89,0.51
2022,Malaysia,MYS,Asia,273.2,33.9,8.06,0.5
2023,Malaysia,MYS,Asia,282.5,34.1,8.27,0.5
2024,Malaysia,MYS,Asia,278.7,34.4,8.11,0.48
2025,Malaysia,MYS,Asia,290.7,34.6,8.4,0.48
2026,Malaysia,MYS,Asia,289.9,34.8,8.33,0.46
2000,Philippines,PHL,Asia,73.8,99.5,0.74,0.15
2001,Philippines,PHL,Asia,74.1,100.2,0.74,0.13
2002,Philippines,PHL,Asia,77.8,101.0,0.77,0.13
2003,Philippines,PHL,Asia,81.2,101.8,0.8,0.12
2004,Philippines,PHL,Asia,83.0,102.6,0.81,0.12
2005,Philippines,PHL,Asia,82.9,103.4,0.8,0.11
2006,Philippines,PHL,Asia,86.5,104.2,0.83,0.1
2007,Philippines,PHL,Asia,85.4,104.9,0.81,0.1
2008,Philippines,PHL,Asia,88.2,105.7,0.83,0.09
2009,Philippines,PHL,Asia,87.9,106.5,0.83,0.09
2010,Philippines,PHL,Asia,89.3,107.3,0.83,0.08
2011,Philippines,PHL,Asia,95.0,108.1,0.88,0.08
2012,Philippines,PHL,Asia,98.8,108.9,0.91,0.08
2013,Philippines,PHL,Asia,110.1,109.6,1.0,0.09
2014,Philippines,PHL,Asia,112.9,110.4,1.02,0.09
2015,Philippines,PHL,Asia,118.6,111.2,1.07,0.09
2016,Philippines,PHL,Asia,122.8,112.0,1.1,0.08
2017,Philippines,PHL,Asia,129.6,112.8,1.15,0.09
2018,Philippines,PHL,Asia,138.6,113.6,1.22,0.09
2019,Philippines,PHL,Asia,144.4,114.3,1.26,0.09
2020,Philippines,PHL,Asia,141.4,115.1,1.23,0.08
2021,Philippines,PHL,Asia,151.7,115.9,1.31,0.08
2022,Philippines,PHL,Asia,157.5,116.7,1.35,0.08
2023,Philippines,PHL,Asia,170.0,117.5,1.45,0.09
2024,Philippines,PHL,Asia,175.8,118.3,1.49,0.09
2025,Philippines,PHL,Asia,178.3,119.0,1.5,0.09
2026,Philippines,PHL,Asia,185.2,119.8,1.55,0.09
2000,Bangladesh,BGD,Asia,26.8,147.0,0.18,0.04
2001,Bangladesh,BGD,Asia,31.0,148.2,0.21,0.04
2002,Bangladesh,BGD,Asia,33.9,149.4,0.23,0.04
2003,Bangladesh,BGD,Asia,37.3,150.5,0.25,0.04
2004,Bangladesh,BGD,Asia,38.6,151.7,0.25,0.04
2005,Bangladesh,BGD,Asia,43.5,152.8,0.28,0.04
2006,Bangladesh,BGD,Asia,48.3,154.0,0.31,0.04
2007,Bangladesh,BGD,Asia,51.1,155.2,0.33,0.04
2008,Bangladesh,BGD,Asia,51.9,156.3,0.33,0.04
2009,Bangladesh,BGD,Asia,56.4,157.5,0.36,0.04
2010,Bangladesh,BGD,Asia,58.9,158.6,0.37,0.04
2011,Bangladesh,BGD,Asia,66.7,159.8,0.42,0.04
2012,Bangladesh,BGD,Asia,70.3,161.0,0.44,0.04
2013,Bangladesh,BGD,Asia,74.1,162.1,0.46,0.04
2014,Bangladesh,BGD,Asia,80.0,163.3,0.49,0.04
2015,Bangladesh,BGD,Asia,81.7,164.4,0.5,0.04
2016,Bangladesh,BGD,Asia,86.6,165.6,0.52,0.04
2017,Bangladesh,BGD,Asia,91.0,166.8,0.55,0.04
2018,Bangladesh,BGD,Asia,95.2,167.9,0.57,0.04
2019,Bangladesh,BGD,Asia,94.2,169.1,0.56,0.04
2020,Bangladesh,BGD,Asia,99.4,170.2,0.58,0.04
2021,Bangladesh,BGD,Asia,107.9,171.4,0.63,0.04
2022,Bangladesh,BGD,Asia,110.1,172.6,0.64,0.04
2023,Bangladesh,BGD,Asia,119.2,173.7,0.69,0.04
2024,Bangladesh,BGD,Asia,125.1,174.9,0.72,0.04
2025,Bangladesh,BGD,Asia,133.3,176.0,0.76,0.04
2026,Bangladesh,BGD,Asia,134.5,177.2,0.76,0.04
2000,Kazakhstan,KAZ,Eurasia,169.6,17.0,9.97,1.99
2001,Kazakhstan,KAZ,Eurasia,180.8,17.1,10.55,1.92
2002,Kazakhstan,KAZ,Eurasia,183.3,17.3,10.61,1.77
2003,Kazakhstan,KAZ,Eurasia,194.9,17.4,11.2,1.72
2004,Kazakhstan,KAZ,Eurasia,202.6,17.5,11.55,1.65
2005,Kazakhstan,KAZ,Eurasia,212.1,17.7,12.0,1.6
2006,Kazakhstan,KAZ,Eurasia,223.8,17.8,12.57,1.57
2007,Kazakhstan,KAZ,Eurasia,231.4,17.9,12.9,1.52
2008,Kazakhstan,KAZ,Eurasia,235.3,18.1,13.02,1.45
2009,Kazakhstan,KAZ,Eurasia,247.0,18.2,13.57,1.43
2010,Kazakhstan,KAZ,Eurasia,260.7,18.3,14.21,1.42
2011,Kazakhstan,KAZ,Eurasia,253.8,18.5,13.74,1.31
2012,Kazakhstan,KAZ,Eurasia,259.6,18.6,13.95,1.27
2013,Kazakhstan,KAZ,Eurasia,260.2,18.7,13.89,1.21
2014,Kazakhstan,KAZ,Eurasia,262.8,18.9,13.92,1.16
2015,Kazakhstan,KAZ,Eurasia,258.5,19.0,13.6,1.09
2016,Kazakhstan,KAZ,Eurasia,272.7,19.1,14.24,1.1
2017,Kazakhstan,KAZ,Eurasia,265.9,19.3,13.79,1.02
2018,Kazakhstan,KAZ,Eurasia,275.2,19.4,14.18,1.01
2019,Kazakhstan,KAZ,Eurasia,270.5,19.5,13.84,0.95
2020,Kazakhstan,KAZ,Eurasia,272.4,19.7,13.84,0.92
2021,Kazakhstan,KAZ,Eurasia,283.8,19.8,14.32,0.92
2022,Kazakhstan,KAZ,Eurasia,286.7,19.9,14.37,0.9
2023,Kazakhstan,KAZ,Eurasia,287.1,20.1,14.3,0.87
2024,Kazakhstan,KAZ,Eurasia,293.3,20.2,14.51,0.85
2025,Kazakhstan,KAZ,Eurasia,286.3,20.4,14.07,0.8
2026,Kazakhstan,KAZ,Eurasia,285.0,20.5,13.91,0.77
2000,Argentina,ARG,LatAm,138.6,39.1,3.55,0.71
2001,Argentina,ARG,LatAm,147.0,39.4,3.73,0.68
2002,Argentina,ARG,LatAm,148.4,39.7,3.74,0.62
2003,Argentina,ARG,LatAm,158.5,40.0,3.96,0.61
2004,Argentina,ARG,LatAm,159.2,40.3,3.95,0.56
2005,Argentina,ARG,LatAm,165.1,40.6,4.06,0.54
2006,Argentina,ARG,LatAm,171.9,40.9,4.2,0.52
2007,Argentina,ARG,LatAm,175.1,41.3,4.24,0.5
2008,Argentina,ARG,LatAm,179.2,41.6,4.31,0.48
2009,Argentina,ARG,LatAm,184.9,41.9,4.42,0.46
2010,Argentina,ARG,LatAm,192.5,42.2,4.56,0.46
2011,Argentina,ARG,LatAm,190.1,42.5,4.47,0.43
2012,Argentina,ARG,LatAm,193.6,42.8,4.52,0.41
2013,Argentina,ARG,LatAm,196.0,43.1,4.55,0.4
2014,Argentina,ARG,LatAm,200.6,43.4,4.62,0.38
2015,Argentina,ARG,LatAm,199.7,43.7,4.57,0.37
2016,Argentina,ARG,LatAm,199.3,44.0,4.53,0.35
2017,Argentina,ARG,LatAm,187.6,44.3,4.23,0.31
2018,Argentina,ARG,LatAm,181.4,44.6,4.06,0.29
2019,Argentina,ARG,LatAm,175.5,45.0,3.9,0.27
2020,Argentina,ARG,LatAm,166.6,45.3,3.68,0.25
2021,Argentina,ARG,LatAm,169.8,45.6,3.73,0.24
2022,Argentina,ARG,LatAm,173.6,45.9,3.78,0.24
2023,Argentina,ARG,LatAm,180.5,46.2,3.91,0.24
2024,Argentina,ARG,LatAm,179.9,46.5,3.87,0.23
2025,Argentina,ARG,LatAm,176.2,46.8,3.76,0.22
2026,Argentina,ARG,LatAm,178.2,47.1,3.78,0.21
2000,Colombia,COL,LatAm,61.4,44.2,1.39,0.28
2001,Colombia,COL,LatAm,63.2,44.5,1.42,0.26
2002,Colombia,COL,LatAm,63.2,44.9,1.41,0.23
2003,Colombia,COL,LatAm,65.5,45.2,1.45,0.22
2004,Colombia,COL,LatAm,69.9,45.6,1.53,0.22
2005,Colombia,COL,LatAm,70.3,45.9,1.53,0.2
2006,Colombia,COL,LatAm,71.7,46.3,1.55,0.19
2007,Colombia,COL,LatAm,74.8,46.6,1.6,0.19
2008,Colombia,COL,LatAm,77.1,47.0,1.64,0.18
2009,Colombia,COL,LatAm,77.3,47.3,1.63,0.17
2010,Colombia,COL,LatAm,80.3,47.7,1.68,0.17
2011,Colombia,COL,LatAm,83.1,48.0,1.73,0.16
2012,Colombia,COL,LatAm,82.5,48.4,1.71,0.16
2013,Colombia,COL,LatAm,86.0,48.7,1.77,0.15
2014,Colombia,COL,LatAm,86.5,49.1,1.76,0.15
2015,Colombia,COL,LatAm,88.7,49.4,1.79,0.14
2016,Colombia,COL,LatAm,87.3,49.8,1.75,0.13
2017,Colombia,COL,LatAm,86.6,50.1,1.73,0.13
2018,Colombia,COL,LatAm,83.6,50.5,1.66,0.12
2019,Colombia,COL,LatAm,81.2,50.8,1.6,0.11
2020,Colombia,COL,LatAm,80.1,51.2,1.56,0.1
2021,Colombia,COL,LatAm,81.1,51.5,1.57,0.1
2022,Colombia,COL,LatAm,85.5,51.9,1.65,0.1
2023,Colombia,COL,LatAm,89.0,52.2,1.7,0.1
2024,Colombia,COL,LatAm,89.9,52.6,1.71,0.1
2025,Colombia,COL,LatAm,90.7,52.9,1.71,0.1
2026,Colombia,COL,LatAm,92.5,53.3,1.74,0.1
2000,Chile,CHL,LatAm,58.2,16.6,3.51,0.7
2001,Chile,CHL,LatAm,62.5,16.7,3.74,0.68
2002,Chile,CHL,LatAm,67.0,16.8,3.98,0.66
2003,Chile,CHL,LatAm,65.9,17.0,3.88,0.6
2004,Chile,CHL,LatAm,67.9,17.1,3.97,0.57
2005,Chile,CHL,LatAm,70.8,17.2,4.11,0.55
2006,Chile,CHL,LatAm,73.8,17.4,4.25,0.53
2007,Chile,CHL,LatAm,75.1,17.5,4.29,0.51
2008,Chile,CHL,LatAm,73.5,17.6,4.17,0.46
2009,Chile,CHL,LatAm,78.7,17.8,4.43,0.47
2010,Chile,CHL,LatAm,83.1,17.9,4.65,0.46
2011,Chile,CHL,LatAm,81.8,18.0,4.54,0.43
2012,Chile,CHL,LatAm,80.6,18.1,4.44,0.4
2013,Chile,CHL,LatAm,83.4,18.3,4.56,0.4
2014,Chile,CHL,LatAm,82.4,18.4,4.48,0.37
2015,Chile,CHL,LatAm,86.6,18.5,4.67,0.37
2016,Chile,CHL,LatAm,83.8,18.7,4.49,0.35
2017,Chile,CHL,LatAm,85.1,18.8,4.53,0.34
2018,Chile,CHL,LatAm,83.9,18.9,4.43,0.32
2019,Chile,CHL,LatAm,84.3,19.1,4.42,0.31
2020,Chile,CHL,LatAm,86.9,19.2,4.53,0.3
2021,Chile,CHL,LatAm,86.4,19.3,4.47,0.29
2022,Chile,CHL,LatAm,86.8,19.4,4.46,0.28
2023,Chile,CHL,LatAm,87.2,19.6,4.45,0.27
2024,Chile,CHL,LatAm,87.5,19.7,4.44,0.26
2025,Chile,CHL,LatAm,87.3,19.8,4.4,0.25
2026,Chile,CHL,LatAm,88.1,20.0,4.41,0.25
2000,Venezuela,VEN,LatAm,142.1,23.8,5.97,1.19
2001,Venezuela,VEN,LatAm,142.8,24.0,5.95,1.08
2002,Venezuela,VEN,LatAm,151.5,24.2,6.27,1.04
2003,Venezuela,VEN,LatAm,150.4,24.4,6.17,0.95
2004,Venezuela,VEN,LatAm,155.4,24.6,6.33,0.9
2005,Venezuela,VEN,LatAm,157.4,24.7,6.36,0.85
2006,Venezuela,VEN,LatAm,166.4,24.9,6.68,0.83
2007,Venezuela,VEN,LatAm,173.3,25.1,6.9,0.81
2008,Venezuela,VEN,LatAm,167.5,25.3,6.62,0.74
2009,Venezuela,VEN,LatAm,175.1,25.5,6.87,0.72
2010,Venezuela,VEN,LatAm,183.4,25.7,7.14,0.71
2011,Venezuela,VEN,LatAm,174.1,25.9,6.73,0.64
2012,Venezuela,VEN,LatAm,177.5,26.1,6.81,0.62
2013,Venezuela,VEN,LatAm,177.2,26.2,6.75,0.59
2014,Venezuela,VEN,LatAm,172.2,26.4,6.52,0.54
2015,Venezuela,VEN,LatAm,171.4,26.6,6.44,0.52
2016,Venezuela,VEN,LatAm,166.3,26.8,6.2,0.48
2017,Venezuela,VEN,LatAm,158.5,27.0,5.87,0.44
2018,Venezuela,VEN,LatAm,145.9,27.2,5.37,0.38
2019,Venezuela,VEN,LatAm,136.9,27.4,5.0,0.35
2020,Venezuela,VEN,LatAm,128.2,27.6,4.65,0.31
2021,Venezuela,VEN,LatAm,130.6,27.7,4.71,0.3
2022,Venezuela,VEN,LatAm,124.9,27.9,4.47,0.28
2023,Venezuela,VEN,LatAm,125.8,28.1,4.47,0.27
2024,Venezuela,VEN,LatAm,125.2,28.3,4.42,0.26
2025,Venezuela,VEN,LatAm,124.1,28.5,4.35,0.25
2026,Venezuela,VEN,LatAm,125.5,28.7,4.38,0.24
2000,Nigeria,NGA,Africa,103.8,190.4,0.55,0.11
2001,Nigeria,NGA,Africa,99.8,191.9,0.52,0.09
2002,Nigeria,NGA,Africa,99.3,193.4,0.51,0.09
2003,Nigeria,NGA,Africa,101.5,194.9,0.52,0.08
2004,Nigeria,NGA,Africa,100.4,196.4,0.51,0.07
2005,Nigeria,NGA,Africa,102.2,197.9,0.52,0.07
2006,Nigeria,NGA,Africa,100.2,199.4,0.5,0.06
2007,Nigeria,NGA,Africa,99.6,200.9,0.5,0.06
2008,Nigeria,NGA,Africa,97.3,202.4,0.48,0.05
2009,Nigeria,NGA,Africa,97.6,203.9,0.48,0.05
2010,Nigeria,NGA,Africa,97.2,205.4,0.47,0.05
2011,Nigeria,NGA,Africa,103.6,206.9,0.5,0.05
2012,Nigeria,NGA,Africa,103.8,208.4,0.5,0.05
2013,Nigeria,NGA,Africa,111.1,209.9,0.53,0.05
2014,Nigeria,NGA,Africa,112.1,211.4,0.53,0.04
2015,Nigeria,NGA,Africa,114.6,212.9,0.54,0.04
2016,Nigeria,NGA,Africa,115.5,214.4,0.54,0.04
2017,Nigeria,NGA,Africa,120.1,215.9,0.56,0.04
2018,Nigeria,NGA,Africa,119.5,217.4,0.55,0.04
2019,Nigeria,NGA,Africa,121.2,218.9,0.55,0.04
2020,Nigeria,NGA,Africa,127.2,220.4,0.58,0.04
2021,Nigeria,NGA,Africa,130.7,221.9,0.59,0.04
2022,Nigeria,NGA,Africa,134.5,223.4,0.6,0.04
2023,Nigeria,NGA,Africa,141.3,224.9,0.63,0.04
2024,Nigeria,NGA,Africa,145.0,226.4,0.64,0.04
2025,Nigeria,NGA,Africa,148.3,227.9,0.65,0.04
2026,Nigeria,NGA,Africa,148.2,229.4,0.65,0.04
2000,Morocco,MAR,Africa,34.0,32.3,1.05,0.21
2001,Morocco,MAR,Africa,34.9,32.6,1.07,0.19
2002,Morocco,MAR,Africa,38.3,32.8,1.17,0.19
2003,Morocco,MAR,Africa,39.5,33.1,1.19,0.18
2004,Morocco,MAR,Africa,42.3,33.3,1.27,0.18
2005,Morocco,MAR,Africa,44.5,33.6,1.33,0.18
2006,Morocco,MAR,Africa,47.0,33.8,1.39,0.17
2007,Morocco,MAR,Africa,47.8,34.1,1.4,0.16
2008,Morocco,MAR,Africa,51.4,34.3,1.5,0.17
2009,Morocco,MAR,Africa,54.3,34.6,1.57,0.17
2010,Morocco,MAR,Africa,54.8,34.8,1.57,0.16
2011,Morocco,MAR,Africa,57.0,35.1,1.62,0.15
2012,Morocco,MAR,Africa,58.5,35.4,1.66,0.15
2013,Morocco,MAR,Africa,60.7,35.6,1.7,0.15
2014,Morocco,MAR,Africa,64.6,35.9,1.8,0.15
2015,Morocco,MAR,Africa,64.0,36.1,1.77,0.14
2016,Morocco,MAR,Africa,65.1,36.4,1.79,0.14
2017,Morocco,MAR,Africa,68.6,36.6,1.87,0.14
2018,Morocco,MAR,Africa,68.6,36.9,1.86,0.13
2019,Morocco,MAR,Africa,71.2,37.1,1.92,0.13
2020,Morocco,MAR,Africa,69.5,37.4,1.86,0.12
2021,Morocco,MAR,Africa,72.6,37.6,1.93,0.12
2022,Morocco,MAR,Africa,74.3,37.9,1.96,0.12
2023,Morocco,MAR,Africa,77.7,38.2,2.04,0.12
2024,Morocco,MAR,Africa,77.9,38.4,2.03,0.12
2025,Morocco,MAR,Africa,81.8,38.7,2.12,0.12
2026,Morocco,MAR,Africa,82.4,38.9,2.12,0.12
2000,Kenya,KEN,Africa,11.0,47.6,0.23,0.05
2001,Kenya,KEN,Africa,11.4,48.0,0.24,0.04
2002,Kenya,KEN,Africa,11.8,48.4,0.24,0.04
2003,Kenya,KEN,Africa,12.6,48.7,0.26,0.04
2004,Kenya,KEN,Africa,12.8,49.1,0.26,0.04
2005,Kenya,KEN,Africa,13.6,49.5,0.27,0.04
2006,Kenya,KEN,Africa,14.4,49.9,0.29,0.04
2007,Kenya,KEN,Africa,14.8,50.2,0.3,0.03
2008,Kenya,KEN,Africa,14.7,50.6,0.29,0.03
2009,Kenya,KEN,Africa,15.4,51.0,0.3,0.03
2010,Kenya,KEN,Africa,16.1,51.4,0.31,0.03
2011,Kenya,KEN,Africa,16.6,51.7,0.32,0.03
2012,Kenya,KEN,Africa,16.8,52.1,0.32,0.03
2013,Kenya,KEN,Africa,17.9,52.5,0.34,0.03
2014,Kenya,KEN,Africa,18.4,52.9,0.35,0.03
2015,Kenya,KEN,Africa,19.5,53.2,0.37,0.03
2016,Kenya,KEN,Africa,19.3,53.6,0.36,0.03
2017,Kenya,KEN,Africa,20.1,54.0,0.37,0.03
2018,Kenya,KEN,Africa,19.8,54.4,0.36,0.03
2019,Kenya,KEN,Africa,20.3,54.7,0.37,0.03
2020,Kenya,KEN,Africa,21.2,55.1,0.39,0.03
2021,Kenya,KEN,Africa,22.4,55.5,0.4,0.03
2022,Kenya,KEN,Africa,22.7,55.9,0.41,0.03
2023,Kenya,KEN,Africa,24.0,56.2,0.43,0.03
2024,Kenya,KEN,Africa,24.5,56.6,0.43,0.03
2025,Kenya,KEN,Africa,25.9,57.0,0.46,0.03
2026,Kenya,KEN,Africa,27.3,57.4,0.48,0.03
